logFC,PValue,FDR,Gene_name
11.23540662,1.4115999999999994e-296,2.5465999999999985e-293,STnc440
-2.1074003980000002,1.82025e-26,1.6418600000000002e-23,STnc890
-1.719296173,6.32722e-16,3.80477e-13,DapZ
-1.775973071,2.32576e-14,1.04892e-11,celB
-1.742682829,5.30799e-14,1.91512e-11,MicA
-1.532675785,1.33732e-13,4.02087e-11,STnc800
-1.146027848,3.78797e-13,8.59937e-11,SLnc0014
-1.3856976269999999,3.8134699999999997e-13,8.59937e-11,sopE
-1.329897968,2.5571900000000003e-12,5.125740000000001e-10,RybB
-1.546341143,1.048e-11,1.7611500000000003e-09,STnc1190
-1.4200381690000001,1.07387e-11,1.7611500000000003e-09,grxA
-1.5927106309999999,1.40319e-11,2.1094699999999997e-09,ecnB
-1.191403168,3.36874e-11,4.67478e-09,dnaJ
-1.095956121,3.97809e-11,5.12605e-09,SL1344_2610
-1.304507975,1.8666700000000001e-10,2.24499e-08,sopE2
1.5011081,5.734580000000001e-10,6.46574e-08,SL1344_3495
-1.278537577,6.63699e-10,7.04302e-08,STnc780
-1.304876102,7.82279e-10,7.84018e-08,glnA
-1.003045238,3.24291e-09,3.0790500000000003e-07,STnc600
-1.565909372,4.02569e-09,3.63117e-07,SL1344_3963
-1.149042816,7.680020000000001e-09,6.597499999999999e-07,SL1344_4251
-1.408230331,1.06391e-08,8.724030000000001e-07,SL1344_4429
-1.3624607780000002,1.00061e-07,7.84828e-06,STnc1920
-1.249687711,1.1135500000000001e-07,8.37017e-06,SL1344_4249
-1.49608252,1.50428e-07,1.08549e-05,SL1344_4248
-0.849124455,2.8226e-07,1.9584500000000002e-05,CyaR
-1.383794076,3.07441e-07,2.04959e-05,phnA
-0.872868874,3.18118e-07,2.04959e-05,SroC
-0.8191358959999999,1.25615e-06,7.81409e-05,ybeJ
-0.9394242629999999,3.62837e-06,0.000218186,sodB
-0.842809789,5.0565199999999995e-06,0.000294257,asnA
-1.016439741,2.04856e-05,0.001154876,SL1344_4250
-0.792261025,2.76979e-05,0.001514151,SL1344_2984
-0.972418405,3.01342e-05,0.0015988839999999999,rpsV
-1.045445485,3.2744000000000004e-05,0.001687718,SLnc1006
0.7942426440000001,4.53847e-05,0.002274279,hslT
-0.78023482,4.97464e-05,0.002425473,SL1344_3378
-0.795261392,5.11448e-05,0.002428032,GcvB
-0.9792598379999999,5.72902e-05,0.0026500390000000003,SL1344_1514
-1.15522604,9.278889999999999e-05,0.004184778,traB
-1.15522604,9.278889999999999e-05,0.004184778,traB
-0.7605304959999999,0.000132842,0.005845035,cap
-0.7866276259999999,0.000149306,0.0064130409999999995,mglC
-0.7577169420000001,0.000153124,0.006424076999999999,ompD
-0.625045593,0.000199713,0.008188214000000001,mglB
-0.82365402,0.000275643,0.011050203,gpt
-0.648814248,0.000317189,0.012439338000000001,exc
-0.746221483,0.00034017199999999997,0.013056833,STnc770
-0.61243043,0.00038849800000000003,0.014601056999999999,STnc870
-0.542425129,0.00050701,0.018666238999999998,aph%283%27%27%29-Ib
0.723187925,0.000581477,0.020979708,cysP
-0.840272806,0.000645196,0.022822236,rph
-0.6980242090000001,0.0007862660000000001,0.027277366,crl
-0.775861861,0.0008145660000000001,0.027725994,rpoE
-0.62616523,0.0013360879999999998,0.044635237,InvR
-0.883959377,0.0014495979999999999,0.04754681,SL1344_3447
-0.973820595,0.0018666929999999998,0.060134177999999996,secG
-0.755466565,0.001926759,0.060980219,yeeA
-0.699873359,0.001967459,0.061194748,infA
-0.558630567,0.0020661110000000002,0.063173973,mglA
0.6911163229999999,0.002648337,0.079626675,STnc1200
-0.544777626,0.0027577540000000003,0.081557172,STnc500
-0.7461028670000001,0.002846823,0.082833365,STnc840
0.57562478,0.002922875,0.083696281,SL1344_1640
-0.531274995,0.003168648,0.089316262,MgrR
-0.593142576,0.0032196679999999997,0.08935817800000001,rpl32
0.6135055739999999,0.00330504,0.090227123,aspA
-0.6201267429999999,0.003351007,0.090227123,SL1344_1392
-0.857470669,0.003829673,0.10139519300000001,SL1344_3357
-0.599484429,0.003878198,0.10139519300000001,nrfA
0.7430953370000001,0.004066978,0.104100339,CrpT
-0.545527526,0.004097075,0.104100339,SL1344_2438
-0.62255937,0.004342399,0.10880122699999999,SdsR
0.568280685,0.004624113,0.11427259199999999,oppF
-0.466764712,0.004961237,0.120946905,RprA
-0.48593260299999996,0.00559738,0.134635651,STnc1080
-0.6148177029999999,0.005945946999999999,0.14113800099999999,purF
-0.698054897,0.007096601,0.166263221,SL1344_1739
0.584797543,0.00733397,0.169621573,SL1344_0322
0.656667935,0.00794066,0.181328485,SL1344_4239
0.449483345,0.008278038,0.186669759,grpE
0.66393724,0.008595925,0.188337843,parA
0.66393724,0.008595925,0.188337843,parA
-0.414818911,0.008721172,0.188337843,GlmZ
-0.44845884700000005,0.008744649,0.188337843,flgL
-0.644506082,0.008769611,0.188337843,FnrS
-0.9508399340000001,0.008936185,0.18965739,SL1344_3544
-0.486785736,0.009147809,0.189951265,yhfK
-0.583709787,0.009160620999999999,0.189951265,rfaL
0.539530015,0.010499815,0.214563695,SL1344_2644
-0.42833329700000006,0.010585458999999998,0.214563695,rpsU
-0.593010513,0.011201451000000001,0.22452686800000002,potA
-0.47475336,0.011593882,0.229154993,argR
-0.526278303,0.011686397,0.229154993,msbA
-0.524176572,0.012208788,0.236824225,StyR-29
-0.5708009039999999,0.012964183,0.248801985,SL1344_3704
0.52789238,0.013772738,0.26153704899999997,fabF
-0.432276868,0.014225767,0.265001258,MicF
-0.56786547,0.014362762,0.265001258,trmU
0.407302347,0.014395855,0.265001258,pflB
-0.546714579,0.014772523000000001,0.26918818899999997,trkH
-0.5881169820000001,0.015101243,0.270750475,sRNA7
-0.527480039,0.015201293999999999,0.270750475,SL1344_3738
-0.583900831,0.015308508,0.270750475,SL1344_0419
0.414281704,0.01581052,0.276914344,rpsN
0.404695721,0.015986757,0.277308743,clpX
-0.383745675,0.017341841,0.295189446,cheW
0.540023704,0.017344834,0.295189446,yjfO
-0.45580416700000004,0.017570921,0.296242443,ftnA
-0.53488762,0.018165297,0.303427735,SL1344_0892
-0.451223382,0.019078978,0.31576584399999996,ftsQ
0.42375343600000004,0.020139232,0.330283408,dnaK
0.483256896,0.021438368,0.34842176700000005,flgI
-0.515008704,0.021954685,0.353627255,Spf
0.488340206,0.02253379,0.359742991,argS
-0.537643565,0.022849993,0.360128785,narP
0.610771692,0.022957212,0.360128785,SL1344_3813
0.593490038,0.02315761,0.360140765,SL1344_3289
0.370189427,0.023389697,0.36064113799999997,sdaB
-0.5531690779999999,0.023668513,0.361847439,STnc1275
-0.554945435,0.024553258999999997,0.37221914799999994,SL1344_3587
-0.382728723,0.026097485,0.392332195,SL1344_1737
-0.46637849299999995,0.026561101,0.395181245,GO-10704
-0.42223415700000005,0.026725117000000003,0.395181245,yhdA
-0.416579263,0.027310475,0.39942638,ddl
0.569429729,0.027556751,0.39942638,SL1344_1861
-0.5313359670000001,0.027952737000000002,0.39942638,SL1344_2466
-0.523910848,0.028010292000000003,0.39942638,sapA
0.452635522,0.028607215,0.39942638,fliB
-0.450560203,0.028689716,0.39942638,aas
0.535659773,0.028975219,0.39942638,ilvC
-0.493141874,0.029008107999999998,0.39942638,yadB
-0.447731394,0.029257024,0.39942638,yfeA
-0.467876368,0.029266141000000002,0.39942638,SL1344_2985
0.477398945,0.029447732,0.39942638,prlC
0.43202921200000005,0.030634636,0.410315052,fabI
-0.617545143,0.030860822000000003,0.410315052,suhB
0.461272499,0.031111107000000002,0.410315052,SL1344_0724
0.403896772,0.03126618,0.410315052,atpD
0.402869435,0.031490907,0.410315052,fliZ
0.486819199,0.031615184,0.410315052,SL1344_3545
0.507246466,0.032211547,0.412024104,mdoD
0.536255508,0.032214268,0.412024104,dmsA
-0.48694062200000005,0.032432052999999995,0.412024104,rfaJ
0.473645352,0.032748974,0.41314090299999995,SL1344_1098
0.584356451,0.033379371,0.417632164,RUF_178
-0.456759487,0.033567995,0.417632164,rplU
0.51459477,0.034042363,0.42063302799999996,SL1344_3557
-0.491192461,0.034713402000000004,0.426006646,ugtL
-0.46503418399999996,0.036382483,0.438687736,SL1344_2969
-0.439592301,0.036479726000000004,0.438687736,smpB
-0.5234503189999999,0.036617704,0.438687736,STnc1990
-0.40152336,0.036719428,0.438687736,rpsT
-0.421193096,0.037267216,0.440085389,cca
0.470744249,0.037324315,0.440085389,ansB
0.53447445,0.038608683,0.452273146,mpl
0.35415562799999994,0.039495177,0.459672894,SibC
-0.465764849,0.041304849,0.474272002,rfbP
-0.41071703200000004,0.041488119,0.474272002,RUF_220c
-0.44055079999999996,0.041729087000000005,0.474272002,cpxP
0.513091199,0.041801135,0.474272002,SL1344_2122
-0.49461691,0.042371914000000004,0.47636684100000004,StyR-8
-0.484924255,0.042513892000000005,0.47636684100000004,mioC
0.386406034,0.044429,0.494752566,gapA
0.443884705,0.045235370999999996,0.50064178,SL1344_4421
0.471910138,0.046694334000000004,0.510305938,malT
-0.39737255299999996,0.046994713,0.510305938,stpA
-0.39737255299999996,0.046994713,0.510305938,stpA
0.409237955,0.047185242999999995,0.510305938,nrdB
-0.445783186,0.047240073,0.510305938,SL1344_4400
-0.352870788,0.048264775999999995,0.518271765,SL1344_1365
0.378262174,0.048708895999999995,0.519945846,groEL
-0.354670986,0.049288909000000006,0.521898505,SL1344_3859
-0.448909829,0.049470424000000006,0.521898505,SL1344_1874
0.35205462200000004,0.04994528,0.523844681,SL1344_3254
-0.410172879,0.051357915999999997,0.531610805,tatC
0.345615393,0.051770273,0.531610805,invJ
0.466658684,0.052254369,0.531610805,thrL
-0.380284894,0.052264368,0.531610805,SL1344_1967
-0.42239734799999995,0.05253991,0.531610805,STnc510
0.273725853,0.05271089599999999,0.531610805,Ffs
0.505138701,0.052748522,0.531610805,SL1344_3196
0.332703435,0.05397738,0.539442558,cydA
0.451592836,0.054282689,0.539442558,recO
-0.39390478799999995,0.054482782,0.539442558,pykA
-0.407538626,0.055041161,0.539442558,SL1344_2348
0.407586625,0.055218088,0.539442558,SL1344_2379
-0.44017144399999997,0.055319775,0.539442558,dapB
-0.43371139299999995,0.055797013,0.541171033,mfd
0.47747850299999994,0.056312833,0.543253214,SL1344_0657
0.40376303399999997,0.057047247,0.547410814,accC
0.458428006,0.058538177999999996,0.551701998,tldD
-0.40953158100000003,0.058617009000000005,0.551701998,rfaB
-0.36701868200000004,0.059039912,0.551701998,fldA
-0.351363401,0.059178555,0.551701998,SL1344_1384
-0.42412552299999995,0.059388870999999996,0.551701998,SL1344_1154
-0.459923153,0.05941875,0.551701998,IsrB
-0.43375439299999996,0.059644419000000004,0.551701998,clcA
-0.35445182,0.059977802999999996,0.551701998,rppH
-0.35720978200000003,0.060369084,0.551701998,dnaA
-0.27529745899999997,0.060852397999999995,0.551701998,SL1344_3112
-0.385373216,0.06085848,0.551701998,lgt
0.34167837100000004,0.061218768,0.552193285,SL1344_1582
0.43051653799999995,0.061740558,0.554129191,parE
-0.452086179,0.062492097999999996,0.557897263,yaeA
-0.49525768200000003,0.062948898,0.557897263,mreD
-0.424891239,0.06308816099999999,0.557897263,helD
0.489324999,0.064392938,0.566657859,yrfG
-0.496886373,0.065172134,0.57073073,SL1344_4351
-0.38353634799999997,0.065634278,0.572001147,guaB
-0.36487924299999996,0.06609636299999999,0.57325884,glmU
-0.39733412,0.066685439,0.575600632,SgrS
-0.45107622,0.067610604,0.580807284,yabK
-0.365354816,0.068654597,0.584978435,SL1344_3272
-0.36609828299999997,0.06874469400000001,0.584978435,yifK
-0.337668467,0.070092401,0.592440583,mreB
0.37980415700000003,0.070278428,0.592440583,rplD
0.37952063700000005,0.071229532,0.595859068,SL1344_2615
-0.43487798899999996,0.071344545,0.595859068,crcB
0.26447275600000003,0.073071177,0.604500354,fliD
-0.36547972700000003,0.073352557,0.604500354,rseB
-0.424555267,0.073384466,0.604500354,CsrC
-0.36159883200000004,0.07435647,0.607996083,corE
-0.30875605300000003,0.07448289,0.607996083,SL1344_4230
-0.269064982,0.075150738,0.610684373,sulII
-0.372670777,0.075591875,0.611514543,SL1344_1301
0.42473134700000004,0.076377052,0.615108044,SL1344_1235
-0.3111246,0.07824772299999999,0.627372859,strB
0.306425901,0.08016569400000001,0.630120645,SibD
-0.35372569299999995,0.081338702,0.630120645,ftsW
-0.282472754,0.08165357,0.630120645,SL1344_P3_0002
0.328315533,0.082153447,0.630120645,frr
0.396879215,0.082194312,0.630120645,yejA
0.298591024,0.082208587,0.630120645,uspA
-0.34174966100000004,0.082398185,0.630120645,modA
-0.40926882700000006,0.083176679,0.630120645,SL1344_3812
-0.399573013,0.083501699,0.630120645,asd
0.409299853,0.08371145099999999,0.630120645,SL1344_3285
0.45049647600000003,0.084231179,0.630120645,mobA
0.45049647600000003,0.084231179,0.630120645,mobA
-0.37189463,0.08452900699999999,0.630120645,STnc590
-0.415702549,0.084653818,0.630120645,SL1344_0398
0.40414368799999995,0.08502825,0.630120645,fumA
0.37102282600000003,0.08577242300000001,0.630120645,aceF
0.37785053,0.086167455,0.630120645,SL1344_0942
-0.35411422200000003,0.086227431,0.630120645,SL1344_1568
-0.281994582,0.08631036199999999,0.630120645,rpsP-leader
-0.381839721,0.086767875,0.630120645,plsX
-0.376041846,0.08686000199999999,0.630120645,prfC
0.403710564,0.087093764,0.630120645,rplQ
0.41775415,0.087179663,0.630120645,SL1344_1441
-0.390016155,0.08727566099999999,0.630120645,ybaZ
-0.404735016,0.087426823,0.630120645,mutL
0.32214855600000003,0.087548418,0.630120645,fliM
-0.309813369,0.08767199699999999,0.630120645,ArcZ
-0.373368408,0.088373837,0.630897413,modF
-0.315989598,0.088840802,0.630897413,SL1344_1769
-0.34216847899999997,0.08933144900000001,0.630897413,repA3
0.417169826,0.08950065800000001,0.630897413,glgB
-0.387992875,0.089658562,0.630897413,yiaJ
-0.414563743,0.089878401,0.630897413,uraA
0.43614954200000006,0.09072985900000001,0.634405684,SLnc0035
0.332606213,0.09252439,0.639651301,SL1344_1019
0.388165762,0.09261310199999999,0.639651301,SL1344_0459
-0.42511911700000005,0.092629636,0.639651301,RUF_257c
0.351089045,0.09289836,0.639651301,frdB
-0.347599819,0.094502899,0.641725258,adk
0.287485025,0.095152229,0.641725258,sdaC
0.287485025,0.095152229,0.641725258,sdaC
-0.327371098,0.095167962,0.641725258,SL1344_1031
0.330528946,0.095181512,0.641725258,flgE
0.433430576,0.09530610800000001,0.641725258,psd
-0.36452874799999996,0.095333907,0.641725258,yieG
0.29077771399999996,0.09589059,0.64307295,cydB
-0.438863701,0.09637431699999999,0.643923214,fabH
0.303787457,0.09770598400000001,0.649844828,lon
-0.331864692,0.09846577699999999,0.649844828,rlpA
-0.359831629,0.099122134,0.649844828,SL1344_0160
-0.405135132,0.099502163,0.649844828,SL1344_4127
-0.261338823,0.099730938,0.649844828,rps16
-0.38886365,0.10001739800000001,0.649844828,rnfC
-0.392087501,0.10057777400000001,0.649844828,ybjU
-0.400891971,0.10072086,0.649844828,SL1344_3553
0.37765689799999996,0.100861751,0.649844828,rpsH
-0.287894816,0.10104852800000001,0.649844828,siiF
0.35485831,0.10176439999999999,0.649844828,pepN
0.398294518,0.10326471699999999,0.649844828,ptr
-0.433824655,0.103525384,0.649844828,pncB
-0.380445706,0.10411091199999999,0.649844828,mukF
-0.386276206,0.104356381,0.649844828,SL1344_3330
-0.365021475,0.104428884,0.649844828,recG
0.350250491,0.10524325,0.649844828,trmD
-0.347249315,0.105411807,0.649844828,SL1344_3287
0.400861374,0.105518808,0.649844828,nuoM
-0.373087065,0.10589783900000001,0.649844828,SL1344_1587
-0.38940165200000004,0.105995273,0.649844828,phoN
-0.396527929,0.106556774,0.649844828,SL1344_1696
-0.398624496,0.10700032599999999,0.649844828,recC
-0.405606311,0.10712495300000001,0.649844828,RUF_125
-0.408128372,0.10716315800000001,0.649844828,yeeF
0.33201616100000003,0.10724921,0.649844828,yidC
0.324880966,0.10781989199999999,0.649844828,rtn
-0.498674899,0.107912856,0.649844828,SL1344_1209
0.399863662,0.108517405,0.649844828,nfnB
-0.287762538,0.10889489699999999,0.649844828,kdtA
0.293603173,0.108932244,0.649844828,rpoD
-0.382159927,0.109100918,0.649844828,spoU
0.39361598,0.109147995,0.649844828,cysC
0.40107224799999996,0.110335578,0.654281048,holA
0.345237988,0.110701261,0.654281048,ybeZ
-0.252408848,0.11098115300000001,0.654281048,virK
-0.325252983,0.11192715,0.657708725,STnc205
0.29772830899999997,0.112378774,0.658218536,cysS
0.40397854899999996,0.113729358,0.663973339,csiE
0.30188893899999997,0.114544293,0.666573885,ompC
-0.353523772,0.11604249,0.673121066,SL1344_3024
-0.33683303200000003,0.116738842,0.6744175059999999,mltA
-0.27882067899999996,0.117316329,0.6744175059999999,repC
-0.27882067899999996,0.117316329,0.6744175059999999,repC
-0.36325221700000004,0.11738752599999999,0.6744175059999999,SL1344_3000
-0.252541295,0.11896971199999999,0.681337655,lppA
-0.303650275,0.119621304,0.682053129,galF
-0.267018878,0.11985079900000001,0.682053129,hupB
0.265572063,0.120790026,0.6852365020000001,prlA
-0.340523809,0.12202828,0.69009096,ksgA
-0.45758505299999996,0.123371286,0.695261937,SL1344_2263
-0.3442921,0.12371346,0.695261937,SL1344_1726
-0.344759329,0.124126296,0.6954156440000001,yabI
0.34361617200000005,0.12468060800000001,0.696358568,nagZ
0.289314031,0.1254246,0.6983517840000001,cysK
-0.405001001,0.126181248,0.69905874,SL1344_1749
-0.34046446,0.126422562,0.69905874,ptsH
0.32838153800000003,0.126714084,0.69905874,hslV
0.309531269,0.127219859,0.699709227,SL1344_1187
-0.300366707,0.12810159699999998,0.700342025,asmA
-0.376286584,0.128111346,0.700342025,idi
-0.272060178,0.12913329699999998,0.7018387070000001,spaR
0.38938106899999997,0.12989509300000002,0.7018387070000001,pmbA
-0.34244879200000006,0.130160012,0.7018387070000001,modC
-0.406500892,0.130232538,0.7018387070000001,STnc2180
-0.329363556,0.130330359,0.7018387070000001,SL1344_2204
0.34262816700000004,0.130896534,0.702789725,pspE
-0.25511788399999996,0.133053982,0.7083182440000001,STnc1150
-0.30159369399999997,0.13330045199999999,0.7083182440000001,SL1344_3671
0.380130983,0.133457905,0.7083182440000001,nikA
0.272134864,0.133496787,0.7083182440000001,gyrI
0.232590933,0.134973667,0.714054237,sigD
-0.326617489,0.13606101,0.717701934,siiD
-0.28693078899999996,0.136724424,0.7190987209999999,ribH
0.353386351,0.138951084,0.728685335,rpsC
-0.323230953,0.141614927,0.740502399,phoB
0.356623675,0.142056942,0.740666831,SL1344_2632
-0.311619248,0.142718232,0.74197029,asnB
-0.427427293,0.144064581,0.745361281,yciA
0.29496084899999997,0.14450048,0.745361281,fabG
-0.236919078,0.144702473,0.745361281,cheM
-0.253963115,0.146145165,0.745361281,SL1344_3128
0.307971544,0.146259815,0.745361281,fadR
-0.36212300299999994,0.146426144,0.745361281,SL1344_3286
-0.34137116100000003,0.14672317699999998,0.745361281,SL1344_3247
0.248226974,0.146990595,0.745361281,nuoG
-0.28961817100000004,0.147089033,0.745361281,mraY
0.284769078,0.148262895,0.749205215,hslU
0.33369373399999996,0.150023657,0.7540291720000001,rplC
0.36324667299999996,0.150053477,0.7540291720000001,STnc1380
0.29359155800000003,0.15050850400000002,0.7542148359999999,glpT
-0.364091602,0.151699894,0.7563310440000001,SL1344_2726
0.282265671,0.151769311,0.7563310440000001,prc
0.362236062,0.152535336,0.758054397,SL1344_3801
-0.318142434,0.153804846,0.759356219,purN
0.321750977,0.154836057,0.759356219,nadR
-0.331102719,0.155210214,0.759356219,hexR
-0.24263475,0.15567652099999998,0.759356219,StyR-44g
0.288974515,0.156102489,0.759356219,SL1344_0725
0.345878064,0.15649850099999998,0.759356219,flgJ
-0.280787473,0.156732114,0.759356219,SL1344_4323
-0.297182683,0.156978457,0.759356219,rseA
-0.335992096,0.157117164,0.759356219,yheS
0.272796714,0.15717976,0.759356219,groES
0.36138291100000003,0.157471875,0.759356219,SL1344_3158
0.303348243,0.158293037,0.759356219,adh
-0.335504756,0.158994784,0.759356219,aat
0.328456615,0.159193266,0.759356219,STnc680
0.288185433,0.159758209,0.759356219,STnc520
0.29202357,0.160008809,0.759356219,SL1344_1751
-0.35623505299999997,0.160326108,0.759356219,SL1344_3270
0.250816267,0.160374013,0.759356219,fusA
0.32534737199999997,0.161407277,0.760574713,lytB
0.37407402,0.162059322,0.760574713,potD
0.27011672,0.162428759,0.760574713,SL1344_2035
-0.35134473899999996,0.162610662,0.760574713,StyR-215a
0.295707079,0.16273937900000002,0.760574713,RdlE
-0.35118309799999997,0.16367030400000002,0.76294891,emrR
0.320380335,0.165191129,0.7656059690000001,flgC
0.254214801,0.165239983,0.7656059690000001,STnc1390
-0.34962476,0.165513486,0.7656059690000001,scsA
-0.317232255,0.166000639,0.76589553,SL1344_0449
-0.30045337,0.167130888,0.7687176590000001,gppA
0.307533838,0.167464545,0.7687176590000001,speA
0.338521584,0.16888957699999999,0.7732913640000001,pipD
-0.298592125,0.169910468,0.775996164,cdsA
0.246333765,0.17070222,0.777141504,htpG
-0.306886383,0.171108108,0.777141504,SL1344_3669
0.323638752,0.171767518,0.777141504,SL1344_0161
-0.361725068,0.17188440100000002,0.777141504,xseA
0.34824717,0.17235846600000002,0.77733668,galE
-0.343705217,0.172865906,0.777681033,aroF
0.328270024,0.173487938,0.77853791,SL1344_1977
0.340809229,0.175298389,0.784710405,SL1344_0005
-0.315690717,0.176201655,0.786061114,norM
0.289803535,0.176823929,0.786061114,ptsG
0.289803535,0.176823929,0.786061114,ptsG
0.279618447,0.17690732399999998,0.786061114,rfbG
0.35195106200000004,0.17796448399999998,0.787748126,yfiA
-0.338446798,0.17816033,0.787748126,dapE
0.336417465,0.178813206,0.788094051,abc
-0.25581787300000003,0.179360425,0.788094051,SL1344_4247
0.352865531,0.179666674,0.788094051,SL1344_3290
0.243658803,0.18006894899999998,0.788094051,miaA
-0.324019225,0.180422862,0.788094051,SraF
0.303709905,0.18186892899999998,0.788853218,flgG
0.214983444,0.181957078,0.788853218,sipD
-0.35769530299999996,0.182964281,0.788853218,SL1344_0810
0.193163172,0.18322807600000002,0.788853218,STnc1160
0.278599204,0.183537625,0.788853218,ompH
-0.281475386,0.183604405,0.788853218,SL1344_3950
0.337667774,0.18365762300000002,0.788853218,hemH
0.251350719,0.18446840399999997,0.789094037,trg
-0.301474752,0.18458851699999998,0.789094037,spiR
0.19802007600000002,0.1869556,0.795653185,sipB
0.335681416,0.18741144199999998,0.795653185,plsC
0.306109733,0.187897216,0.795653185,pflA
0.19753951100000003,0.18815285399999998,0.795653185,SL1344_2993
-0.305806894,0.18832811,0.795653185,nagA
0.20775858,0.19071371899999998,0.803849412,SL1344_1221
-0.29835577399999996,0.191272124,0.804323806,SL1344_2302
-0.365025051,0.192171555,0.806226709,SL1344_3483
0.29271623,0.192879671,0.807320013,SL1344_3293
0.298997935,0.194396629,0.811785922,nrdA
0.237754285,0.196171016,0.8173037240000001,atpA
-0.24554834399999997,0.19794200399999998,0.822127555,SL1344_2208
0.23745939600000002,0.19824029199999998,0.822127555,secD
-0.298912326,0.20088530100000002,0.8311859709999999,STnc4200
0.362144125,0.20382319100000001,0.840851232,recQ
0.286710345,0.20583321100000002,0.840851232,cysD
0.295744148,0.20587225,0.840851232,caiF
-0.262339888,0.20632562699999998,0.840851232,cvrA
0.23566703600000002,0.207380818,0.840851232,eno
-0.267223586,0.207616852,0.840851232,yjeH
-0.265910157,0.20906676300000002,0.840851232,sRNA21
-0.258931683,0.20983985800000002,0.840851232,rpmH
-0.304722936,0.20995819,0.840851232,SL1344_1534
0.297654132,0.210230931,0.840851232,fruR
0.235259945,0.21055429399999998,0.840851232,samB2
0.20709569600000002,0.210625339,0.840851232,glpK
0.329181665,0.210690376,0.840851232,ybiH
-0.315125029,0.21109239800000001,0.840851232,ntpA
-0.259710703,0.2111636,0.840851232,SL1344_0956
-0.221875293,0.211247897,0.840851232,hilD
0.277301134,0.212139655,0.840851232,pgm
0.242266879,0.21262033100000002,0.840851232,atpG
-0.28237170100000003,0.214286087,0.840851232,SL1344_1840
0.258118571,0.214380002,0.840851232,rpsA
0.28046169600000004,0.214407598,0.840851232,rpmC
-0.279549648,0.21466012199999998,0.840851232,cbiP
0.277625757,0.214910748,0.840851232,nuoH
0.314483518,0.21511288,0.840851232,rimM
-0.240296985,0.21539713100000002,0.840851232,typA
0.2991224,0.215827582,0.840851232,sbp
0.321401174,0.216042492,0.840851232,rfbV
-0.279423663,0.216272157,0.840851232,SL1344_2459
0.276094422,0.21725352,0.842850214,cytR
0.324538999,0.217774968,0.843060177,SL1344_2375
-0.25442601800000003,0.218584136,0.844215608,SL1344_3180
-0.299114971,0.219250152,0.844215608,SL1344_2047
-0.256625665,0.219477339,0.844215608,bacA
-0.23434079800000002,0.22019994199999998,0.844226122,SL1344_2139
-0.31391654,0.220416022,0.844226122,SL1344_1480
0.31945842399999996,0.22125212100000002,0.845633107,rplV
-0.253962043,0.22212653300000001,0.847180264,SL1344_3126
-0.287618395,0.22303654899999997,0.848856403,SL1344_3207
0.285121444,0.223594879,0.849189816,nhaR
0.271319037,0.22439085,0.850422465,rfbF
-0.298936443,0.22514526399999998,0.8514927809999999,SL1344_0339
-0.25287602600000003,0.22632105600000002,0.854148923,StyR-277
0.204061219,0.227505065,0.856824921,atpI
0.258715032,0.22924587100000002,0.8595374179999999,SL1344_3416
0.217930861,0.229503326,0.8595374179999999,smg
-0.294591832,0.22973866899999998,0.8595374179999999,iap
-0.289924287,0.230131138,0.8595374179999999,StyR-55
0.243146544,0.23169108,0.861158581,traG
0.243146544,0.23169108,0.861158581,traG
0.24842828399999997,0.232076614,0.861158581,cybC
-0.266392982,0.23266916699999998,0.861158581,yfhD
0.27810592,0.232849876,0.861158581,SL1344_0429
0.33609661,0.233938703,0.861158581,SL1344_3500
-0.291661447,0.235299123,0.861158581,hybG
-0.26317907,0.235666285,0.861158581,cpsB2
0.215143735,0.23572027899999998,0.861158581,slyB
0.2178856,0.235725619,0.861158581,mdh
-0.2633541,0.23730288100000002,0.861158581,ybiT
-0.284263098,0.237555586,0.861158581,yiiP
-0.298825535,0.23764535899999997,0.861158581,nrfE
0.303755259,0.23786424899999997,0.861158581,gptB
0.26319318,0.238114849,0.861158581,galM
-0.326881109,0.239542565,0.861158581,SL1344_0871
0.25149322,0.239749002,0.861158581,hemC
0.253279779,0.24088233899999997,0.861158581,cysW
-0.30788578899999997,0.24202474300000001,0.861158581,rnt
-0.23097131899999998,0.242188465,0.861158581,invH
0.214204156,0.24308454100000002,0.861158581,flgK
0.24978298899999998,0.243230963,0.861158581,hflC
0.299450011,0.24438183300000002,0.861158581,rplB
0.244654521,0.24442777100000002,0.861158581,proS
0.249475745,0.24461772199999998,0.861158581,SL1344_1647
0.26918327,0.244930037,0.861158581,glnE
0.26728866,0.245770696,0.861158581,fba
-0.30986503600000004,0.245873764,0.861158581,rfc
0.251671676,0.24588962600000003,0.861158581,cyoC
0.177069003,0.245997033,0.861158581,SL1344_2719
-0.178444436,0.246131299,0.861158581,CsrB
0.265713032,0.246766629,0.861158581,SL1344_4205
-0.270483664,0.246920207,0.861158581,STnc1400
0.260856622,0.24701818399999997,0.861158581,pez
-0.261101219,0.24737486399999997,0.861158581,basS
-0.246650013,0.247738603,0.861158581,nuoA
0.238482293,0.24775016800000002,0.861158581,atpF
-0.27608297,0.249605568,0.8648117390000001,SL1344_1439
-0.25223985,0.250091803,0.8648117390000001,rffD
-0.269414592,0.250564773,0.8648117390000001,STnc290
0.221360773,0.250718703,0.8648117390000001,ybgF
0.211690378,0.251856347,0.865346655,acrB
0.24574771,0.252210859,0.865346655,tsx
0.174664478,0.25242649,0.865346655,STnc1680
0.275473546,0.253289978,0.865346655,rfaE
0.181000629,0.253719017,0.865346655,sucA
0.244322276,0.254654846,0.865346655,rpmJ
0.29001113,0.254990672,0.865346655,oppC
-0.288896353,0.255389859,0.865346655,SL1344_0962
0.264098254,0.25754983600000003,0.865346655,murF
0.24767645100000002,0.257564825,0.865346655,pgk
-0.28090039899999997,0.257941863,0.865346655,fumC
0.306314105,0.25870967,0.865346655,yghB
-0.232994612,0.25879635300000003,0.865346655,pagP
-0.226759995,0.259667802,0.865346655,sufI
-0.241160983,0.26012623100000004,0.865346655,glpE
-0.289477219,0.260581708,0.865346655,SL1344_3948
0.260400814,0.260865106,0.865346655,rplO
0.22712933899999999,0.262499945,0.865346655,SL1344_3060
0.188078468,0.263320096,0.865346655,fliF
0.222570142,0.263369363,0.865346655,flgA
0.238773756,0.26344409399999996,0.865346655,SL1344_0883
-0.284664617,0.263540112,0.865346655,STnc640
-0.238931583,0.264758202,0.865346655,mltD
0.22499368399999997,0.26491775300000003,0.865346655,SL1344_3129
0.185498186,0.265902504,0.865346655,phoP
-0.254068312,0.265910505,0.865346655,aroQ
-0.17137320399999997,0.265941625,0.865346655,iagB
-0.210966925,0.266315117,0.865346655,SL1344_3341
-0.24851047699999998,0.266424626,0.865346655,mrcA
0.270792952,0.266428951,0.865346655,glgP
0.224833775,0.26672160699999997,0.865346655,pitA
0.251282015,0.267617809,0.865346655,rffA
-0.23068411,0.26777655899999997,0.865346655,SL1344_1177
-0.24120949100000003,0.268007448,0.865346655,SL1344_2963
0.22881725,0.26825370000000004,0.865346655,rplA
0.280301703,0.268426773,0.865346655,SL1344_4419
-0.245383066,0.269095906,0.865346655,pagC
0.257967093,0.269667901,0.865346655,fabB
-0.275235571,0.270430433,0.865346655,SL1344_3176
-0.207538269,0.270537604,0.865346655,rstA
0.189276465,0.27089051,0.865346655,traS
0.189276465,0.27089051,0.865346655,traS
-0.25695660600000003,0.271161204,0.865346655,glpX
-0.281031888,0.27158442,0.865346655,SL1344_1024
-0.23035838100000003,0.272023661,0.865346655,hemL
0.179512077,0.273377841,0.865346655,invI
0.265803894,0.27354015800000003,0.865346655,Tff
0.248282699,0.274680546,0.865346655,ytfL
0.222988295,0.274693685,0.865346655,yajC
0.20623362,0.274988599,0.865346655,gcvT
-0.20278217899999998,0.275225426,0.865346655,smpA
0.19998488600000003,0.275551266,0.865346655,glpQ
-0.19872809800000002,0.277207754,0.865346655,secE
-0.234727004,0.27757719399999997,0.865346655,bolA
0.23503205100000002,0.277629685,0.865346655,rplW
-0.269831057,0.277839532,0.865346655,hscA
-0.213370753,0.278389363,0.865346655,lnt
0.257372258,0.279738782,0.865346655,SL1344_2780
-0.24743020699999999,0.279972612,0.865346655,pldA
0.173786148,0.280569065,0.865346655,clpB
-0.256813577,0.28090928600000004,0.865346655,pqiA
0.20109195800000002,0.280930656,0.865346655,sipC
-0.271271919,0.281276383,0.865346655,SL1344_2135
-0.300704255,0.28132102600000003,0.865346655,cadA
0.22797763899999998,0.281763278,0.865346655,yfgA
-0.279538788,0.282143242,0.865346655,SL1344_4176
0.261993166,0.282532805,0.865346655,bglX
-0.28197362,0.283249364,0.866070938,metL
-0.265806143,0.284628765,0.867311043,SL1344_3240
0.184751639,0.284826454,0.867311043,ftsJ
-0.248737753,0.28544480899999997,0.867311043,STnc620
0.186247484,0.286977722,0.867311043,RnpB
0.21387581100000003,0.287798844,0.867311043,STnc1280
0.23092665899999998,0.28818533,0.867311043,parB
-0.235160455,0.288612104,0.867311043,SL1344_1185
-0.28880594800000003,0.28876996,0.867311043,lysP
0.22511026399999998,0.289035069,0.867311043,aroK
0.245764578,0.289452821,0.867311043,SL1344_4410
0.245463094,0.29020803,0.867311043,SL1344_1778
0.228862255,0.290316027,0.867311043,SroG
-0.218550732,0.290915839,0.867311043,sdaA
-0.282218116,0.291379966,0.867311043,yrdA
0.24420160000000002,0.29208043100000003,0.867311043,RUF_107c.47
0.266102881,0.29219017399999997,0.867311043,SL1344_2621
-0.22014307,0.29254315,0.867311043,yicH
0.251588222,0.292938954,0.867311043,minE
0.172904905,0.293059338,0.867311043,invC
-0.232929443,0.293424668,0.867311043,aarF
0.219026788,0.295192059,0.867311043,SL1344_3162
0.20465688899999998,0.295235483,0.867311043,SL1344_1592
-0.26157833,0.295594548,0.867311043,SL1344_0846
0.257180192,0.296203642,0.867311043,tolA
0.219780552,0.296387646,0.867311043,ais
0.25039881199999997,0.296508345,0.867311043,rplP
-0.230580824,0.296808389,0.867311043,dcuS
0.205253027,0.29728368,0.867311043,rho
-0.284850058,0.297722442,0.867311043,STnc1820
-0.237368882,0.298078075,0.867311043,StyR-329a
0.193508956,0.299019578,0.868150118,SroA
0.201278285,0.299745898,0.868150118,fliL
0.210050533,0.300155137,0.868150118,SL1344_P3_0006
0.19845823,0.300724732,0.868150118,SL1344_0624
-0.24732774100000002,0.301091956,0.868150118,SL1344_1649
-0.254850078,0.30125386600000004,0.868150118,Ig2335
-0.313530979,0.302479453,0.8693473079999999,SL1344_0677
0.19239949399999998,0.302633098,0.8693473079999999,sdhB
-0.188280134,0.306906913,0.8786498629999999,repA
-0.188280134,0.306906913,0.8786498629999999,repA
-0.250690893,0.30733040699999997,0.8786498629999999,sapG
-0.225647597,0.30733262899999997,0.8786498629999999,sprB
0.252900182,0.308355076,0.880178097,sseA
0.252900182,0.308355076,0.880178097,sseA
-0.188828172,0.311195308,0.884831165,cheA
-0.199297153,0.311714736,0.884831165,dacA
-0.227042343,0.312535507,0.884831165,cbiG
0.254917763,0.312979618,0.884831165,araC
0.15601385199999998,0.31305573800000003,0.884831165,infC
0.21014696600000002,0.313085563,0.884831165,tsf
-0.224752715,0.314159879,0.884831165,SLnc0022
0.249936569,0.31430937,0.884831165,seqA
0.229979818,0.314399544,0.884831165,flgF
0.18187255300000002,0.316535398,0.8886253040000001,tolB
0.269880325,0.316919453,0.8886253040000001,nuoI
-0.230036235,0.31781123899999997,0.8886253040000001,gpmB
-0.24712542699999998,0.318689145,0.8886253040000001,dppA
0.180483062,0.318822867,0.8886253040000001,thrS
0.227251993,0.318971645,0.8886253040000001,ftsL
0.27452946300000003,0.319195785,0.8886253040000001,SL1344_2304
0.23405628399999998,0.319896797,0.888701485,engA
0.267873567,0.320208407,0.888701485,SL1344_3035
0.22278941600000002,0.321574578,0.8911221779999999,rbn
-0.195938855,0.32245079,0.8921797920000001,rpsF
-0.16510777199999999,0.32314956300000003,0.892743968,ChiX
-0.19500522399999998,0.324736776,0.895757101,siiB
0.167576068,0.326161155,0.897156884,yaeT
0.24262011100000003,0.326238867,0.897156884,SL1344_4242
-0.22311121399999997,0.32706502,0.897480257,SL1344_0656
0.25457568199999997,0.327592339,0.897480257,sugE
0.21752449100000001,0.328492763,0.897480257,rpmD
-0.22255017300000002,0.32888880800000003,0.897480257,pdxB
-0.267739923,0.329582594,0.897480257,rpmA
-0.186563194,0.3301303,0.897480257,mrdB
0.23315896600000002,0.330720647,0.897480257,SL1344_3288
0.236078478,0.330747803,0.897480257,gdhA
0.236078478,0.330747803,0.897480257,gdhA
-0.23086195699999998,0.331211023,0.897480257,StyR-99
0.211488791,0.331345889,0.897480257,SL1344_3161
-0.214759559,0.331828898,0.897480257,SraC
-0.186605825,0.332974452,0.898756175,ppiC
-0.19636170000000003,0.333297051,0.898756175,SL1344_1127
-0.214943424,0.333839328,0.898874847,artP
-0.180489032,0.33455981,0.8991572840000001,RydC
-0.216470892,0.33498488600000004,0.8991572840000001,SL1344_1968
0.230433838,0.336061933,0.8991572840000001,StyR-296
-0.207848366,0.33611055700000003,0.8991572840000001,rpiA
-0.18677785,0.336686304,0.8991572840000001,murE
-0.23491048399999997,0.337422701,0.8991572840000001,STnc610
-0.17915092300000002,0.33763399299999997,0.8991572840000001,SL1344_3576
-0.225920393,0.338351849,0.8991572840000001,SL1344_2546
-0.23586101899999998,0.33843004200000004,0.8991572840000001,holC
0.197241946,0.341045799,0.901536158,nuoN
-0.18220787800000002,0.341059877,0.901536158,SL1344_0464
-0.202229335,0.34107453600000004,0.901536158,nuoB
0.21841861199999998,0.341324388,0.901536158,sodCI
-0.178020155,0.34239663600000003,0.9020553729999999,ftsA
-0.225065154,0.342521026,0.9020553729999999,rfaH
-0.212371006,0.344845821,0.903446758,SL1344_1013
-0.15668584900000002,0.345493128,0.903446758,ptsP
0.24145503399999999,0.34577647100000003,0.903446758,sbcB
0.237304116,0.345934704,0.903446758,ybjY
0.23533875,0.34644922200000006,0.903446758,sdiA
-0.234182119,0.346488187,0.903446758,mltB
0.19922478100000002,0.346554965,0.903446758,flgD
0.23106929,0.347559655,0.904758466,SL1344_3777
-0.18778745300000002,0.349105315,0.906186982,ftsZ
-0.20504313899999999,0.349395774,0.906186982,basR
-0.242600891,0.349787399,0.906186982,dcm
-0.223133382,0.35036024299999996,0.906186982,SL1344_2316
-0.214870667,0.350620018,0.906186982,tpk3
0.252615102,0.35222550399999997,0.909034063,rplL
0.22584426800000001,0.35690070799999996,0.919784112,ddlA
0.204277727,0.357588223,0.920241304,recB
-0.176610958,0.358169019,0.920422948,STnc1340
0.182606429,0.358727894,0.920547824,minC
-0.155478248,0.360062854,0.922323362,STnc4210
-0.236868293,0.36058598,0.922323362,ygeD
0.171904907,0.3609536,0.922323362,tig
-0.195748709,0.36327302899999997,0.92521963,sRNA2
0.243803861,0.364063197,0.92521963,wrbA
-0.163527647,0.364390272,0.92521963,fkpA
-0.18074374399999998,0.365168661,0.92521963,rnb
0.19037844199999998,0.36520724200000004,0.92521963,acrA
0.205664005,0.36543089,0.92521963,SL1344_3295
0.219040973,0.366054499,0.92521963,def
-0.193802718,0.366614145,0.92521963,murG
0.19693538,0.366889366,0.92521963,sucC
-0.23461631300000002,0.36721577299999997,0.92521963,visC
-0.222851083,0.369437843,0.92903635,SL1344_3548
0.185656585,0.36981029,0.92903635,tpiA
0.240864605,0.37037348200000003,0.92903635,SL1344_2380
0.146986219,0.370790561,0.92903635,Msr
-0.18952169600000002,0.372202455,0.929724271,tap
0.170369815,0.373672437,0.929724271,ybbN
0.205222265,0.374574873,0.929724271,SL1344_2695
-0.20296177899999998,0.374596837,0.929724271,SL1344_2223
0.221436647,0.37555368299999997,0.929724271,rplF
0.198670944,0.375835226,0.929724271,glpA
0.16226143699999998,0.37608629299999996,0.929724271,ompX
-0.22713664100000003,0.376103835,0.929724271,apaG
0.15482465199999998,0.376857892,0.929724271,SL1344_1767
0.16004562,0.37734796200000004,0.929724271,minD
-0.163462128,0.37747469100000003,0.929724271,sopA
-0.19662681,0.377495414,0.929724271,purM
0.192355925,0.37895130200000005,0.929724271,ispB
0.221872965,0.380056275,0.929724271,rpsQ
-0.23525066,0.381843156,0.929724271,repY
0.17640605199999998,0.38235368299999994,0.929724271,SL1344_3772
-0.219821817,0.38247467799999996,0.929724271,STnc1490
-0.17529641899999998,0.38274628200000005,0.929724271,RUF_219c
-0.22398206,0.38372979700000004,0.929724271,mreB-leader
0.174678312,0.38408457700000004,0.929724271,rpsE
-0.196785238,0.384904588,0.929724271,napF
-0.19840258800000002,0.38499990700000003,0.929724271,SL1344_0222
0.22266512600000002,0.385758769,0.929724271,selD
-0.210514041,0.385818161,0.929724271,SL1344_1364
-0.21939251199999998,0.38641223700000005,0.929724271,xthA
0.229390966,0.38676817399999996,0.929724271,pcm
-0.19092081600000002,0.387250971,0.929724271,SL1344_1583
-0.241629868,0.38754445,0.929724271,ybiP
0.17559817,0.387590712,0.929724271,ushA
-0.20425056600000002,0.388757879,0.929724271,SL1344_1873
0.179680757,0.38936741,0.929724271,napC
-0.20114727699999999,0.389829295,0.929724271,uvrC
0.167012198,0.38986452299999996,0.929724271,fliI
-0.21635904399999997,0.390102435,0.929724271,yhjN
-0.147400967,0.390780356,0.929724271,imp
0.177403239,0.39083671600000003,0.929724271,nikB
-0.158318924,0.39099876100000003,0.929724271,yejM
-0.170646998,0.39102623799999997,0.929724271,cheY
0.18311082,0.39133234,0.929724271,SL1344_4110
-0.250255047,0.391679848,0.929724271,rpmG
0.188167853,0.39220851100000004,0.9297557879999999,cysN
0.18504405300000001,0.39362548299999994,0.9304777390000001,SL1344_1632
-0.15109395,0.394137278,0.9304777390000001,cyoA
0.202331636,0.394775849,0.9304777390000001,kdsA
0.1588787,0.39498254,0.9304777390000001,prgJ
0.219712882,0.395091989,0.9304777390000001,ybiS
0.221085943,0.396761853,0.933192155,STnc3220
0.24180170199999998,0.397290793,0.93321952,SL1344_1171
0.213917938,0.398103469,0.933912428,tolQ
-0.22033441,0.399471361,0.9354040440000001,mukE
-0.178937121,0.400302636,0.9354040440000001,gltA
-0.151656644,0.40048994200000004,0.9354040440000001,pdxA
-0.151656644,0.40048994200000004,0.9354040440000001,pdxA
-0.144303541,0.40089921799999995,0.9354040440000001,tuf2
0.155558316,0.40133189,0.9354040440000001,rpsL-leader
-0.19454497399999998,0.402717641,0.9363885940000001,SL1344_2884
0.213971152,0.40279243299999995,0.9363885940000001,SL1344_1701
-0.177380779,0.405073024,0.940098223,SL1344_3201
0.20478306699999999,0.405714746,0.940098223,fliJ
-0.207545321,0.406390684,0.940098223,RUF_107c.112
0.165795109,0.40668634600000003,0.940098223,flgB
0.181847476,0.407320023,0.940098223,rfbI
0.255329123,0.40751486200000003,0.940098223,pal
-0.163606424,0.409930776,0.942399755,fliP
-0.21181679999999997,0.410375275,0.942399755,rfbK
0.158218849,0.41112487299999995,0.942399755,SL1344_4508
0.215820412,0.412008351,0.942399755,SL1344_1371
0.17343922399999998,0.412536884,0.942399755,SL1344_2880
0.154021655,0.412829271,0.942399755,SL1344_3771
-0.162734306,0.41346675200000005,0.942399755,ptsI
0.205839703,0.413745401,0.942399755,himD
-0.188891738,0.413805169,0.942399755,yehU
-0.152727838,0.41420599799999996,0.942399755,pqaB
0.17652721,0.41454903600000004,0.942399755,guaA
0.182497713,0.414781267,0.942399755,rplE
-0.15202802199999998,0.415673078,0.9432380290000001,StyR-44b
-0.15832975,0.41862969,0.9487218820000001,udhA
0.150505768,0.419141541,0.9487218820000001,Sar
0.204190869,0.420700001,0.951056142,SL1344_2492
-0.156634492,0.42222686200000004,0.951670844,yaeL
0.160101653,0.42314924200000004,0.951670844,srfA
0.126608016,0.424339291,0.951670844,dctA
0.20820545199999999,0.42489990299999997,0.951670844,SL1344_1396
0.18278461,0.425289562,0.951670844,SL1344_2960
0.146240876,0.42570196,0.951670844,tyrS
0.185122877,0.42576526,0.951670844,barA
-0.156008286,0.427219794,0.951670844,sspB
-0.206024999,0.427971938,0.951670844,cmk
0.18857366899999997,0.42937552,0.951670844,SL1344_1065
0.15822372099999998,0.42970685200000003,0.951670844,flhB
-0.19555785899999997,0.431242511,0.951670844,cpxR
-0.19526557100000003,0.43133551700000006,0.951670844,SL1344_2738
-0.219001837,0.432010296,0.951670844,SL1344_2967
-0.187990018,0.433058805,0.951670844,map
-0.169382179,0.43309323899999996,0.951670844,rpoZ
-0.167014494,0.433415425,0.951670844,pgi
-0.19353188,0.433576113,0.951670844,galK
-0.17347778,0.433818541,0.951670844,dfp
0.171787943,0.43403714200000004,0.951670844,ompF
-0.23194656800000002,0.434390431,0.951670844,rfbN
-0.176065101,0.435260693,0.951670844,yjeQ
0.163721145,0.435447197,0.951670844,fliK
0.17122891399999998,0.43595001299999997,0.951670844,trxB
0.18509292600000002,0.436778751,0.951670844,rpsR
0.167681531,0.43738089799999996,0.951670844,rnr
-0.16478019,0.438710111,0.951670844,SL1344_1783
0.190393361,0.43904725,0.951670844,rlpB
0.128628493,0.43951031100000004,0.951670844,SL1344_0148
-0.150631297,0.43994290399999997,0.951670844,folC
-0.20048880100000002,0.43997087700000004,0.951670844,hemE
-0.17882442699999998,0.440898515,0.951670844,SL1344_1916
-0.15549157,0.442219375,0.951670844,RUF_279
-0.175095632,0.442862761,0.951670844,parA
-0.175095632,0.442862761,0.951670844,parA
-0.174455257,0.442930861,0.951670844,SL1344_1262
0.18418472800000002,0.443713275,0.951670844,dacC
-0.140645097,0.444307523,0.951670844,SL1344_1872
-0.149868329,0.444424324,0.951670844,brnQ
0.191059615,0.444591474,0.951670844,SL1344_0430
0.202027819,0.444747761,0.951670844,ispA
-0.17169075399999997,0.445228739,0.951670844,sinR
-0.16402324699999998,0.44624124,0.951670844,SL1344_2457
-0.211470114,0.446266129,0.951670844,STnc1065
0.17723147600000003,0.446295171,0.951670844,RUF_341c.10
0.176547697,0.44705584600000003,0.951670844,miaB
-0.169406408,0.447363103,0.951670844,STnc350
0.182528735,0.44752387200000004,0.951670844,SL1344_3478
-0.185563163,0.44913168200000003,0.951670844,SL1344_1752
0.121644856,0.45035131100000003,0.951670844,araE
-0.142887037,0.450410074,0.951670844,kdgR
-0.142887037,0.450410074,0.951670844,kdgR
-0.196851418,0.45048470700000004,0.951670844,udk
0.129121543,0.451326283,0.951670844,rob
0.172619971,0.452265315,0.951670844,SL1344_4179
0.170807563,0.452904245,0.951670844,SL1344_0165
0.151875034,0.45421727,0.951670844,fliY
-0.14849964699999998,0.454862124,0.951670844,metG
0.127595401,0.45490169700000005,0.951670844,mig-14
-0.191306991,0.455529343,0.951670844,SL1344_2356
0.163495605,0.455803299,0.951670844,STnc2070
-0.16709152900000002,0.457102368,0.951670844,topB
-0.155136931,0.457369953,0.951670844,murD
-0.155149018,0.458665795,0.951670844,SL1344_3471
-0.17635241,0.458920792,0.951670844,SL1344_1001
-0.17720267,0.459385091,0.951670844,StyR-88
-0.191500113,0.459801213,0.951670844,coaA
0.160021009,0.46028127799999996,0.951670844,ackA
0.187345686,0.460796395,0.951670844,deoD
0.18879074399999998,0.461006487,0.951670844,SL1344_1218
0.115272666,0.461045576,0.951670844,SL1344_0149
-0.149227349,0.462734597,0.951670844,accD
-0.15224868800000002,0.46274628700000003,0.951670844,tpx
0.163274057,0.46326586,0.951670844,icc
0.178999557,0.464788663,0.951670844,msgA
0.16850525100000002,0.464861709,0.951670844,SL1344_1227
-0.18195666800000002,0.465425029,0.951670844,exoX
-0.19849008399999998,0.46556995,0.951670844,yjfH
-0.160580371,0.466096649,0.951670844,SL1344_3484
-0.16676833,0.46623118399999997,0.951670844,nuoE
0.15589556300000001,0.46686590899999997,0.951670844,STnc1690
-0.134618921,0.468572669,0.951670844,napH
0.156366653,0.468614097,0.951670844,yjeP
-0.159727936,0.468844748,0.951670844,siiA
-0.19880723,0.47040871,0.951670844,SL1344_1393
-0.135514145,0.47096166799999994,0.951670844,SL1344_3878
-0.15380538400000002,0.470993911,0.951670844,SL1344_4407
-0.150799244,0.471401422,0.951670844,SL1344_2659
-0.13747247199999998,0.471851092,0.951670844,SL1344_P1_0061
0.17461851399999997,0.472809239,0.951670844,rfbH
0.180363716,0.47364986299999995,0.951670844,SL1344_2730
-0.16627519400000002,0.475014995,0.951670844,ubiB
0.153143447,0.47559604899999997,0.951670844,fabZ
0.142289378,0.47561953100000004,0.951670844,SL1344_0868
-0.163492891,0.47648849299999996,0.951670844,folD
0.147285467,0.47730526,0.951670844,SL1344_3127
0.17961817300000002,0.47761123200000005,0.951670844,gcpE
0.159973216,0.478061955,0.951670844,dapD
-0.136719098,0.47829074,0.951670844,SL1344_3542
-0.133329497,0.47830433299999997,0.951670844,ybjX
0.144989797,0.478463097,0.951670844,STnc1405
0.20125897399999998,0.478578085,0.951670844,SL1344_3552
-0.180023458,0.478600436,0.951670844,priB
0.191849013,0.478695305,0.951670844,SL1344_4447
0.160303036,0.47876885,0.951670844,rfaG
0.157504035,0.478852911,0.951670844,secF
0.17571972800000002,0.478972932,0.951670844,SL1344_3886
0.130559223,0.479607228,0.951670844,tuf
0.195848734,0.48154529999999995,0.951670844,SL1344_3816
0.14928428900000001,0.48173221899999996,0.951670844,phoH
0.184549453,0.48175837299999996,0.951670844,visB
0.18435147899999998,0.482420399,0.951670844,surE
-0.137553122,0.482687935,0.951670844,galP
0.158018144,0.48282212700000005,0.951670844,metK
-0.17751973899999998,0.483155111,0.951670844,SL1344_3011
0.146142261,0.48382248899999997,0.951670844,SL1344_1150
0.16653588800000002,0.484029868,0.951670844,mgsA
-0.17813151600000002,0.48427873,0.951670844,dkgA
0.133149693,0.48428619799999995,0.951670844,atpH
-0.16351842800000002,0.48457786,0.951670844,glpG
0.147861529,0.484983754,0.951670844,recA
-0.125527946,0.485504117,0.951670844,hflX
-0.176872618,0.485645489,0.951670844,SL1344_1157
0.18669442600000002,0.48701379,0.951670844,SL1344_3477
0.149188152,0.487403116,0.951670844,SibA
-0.165811113,0.487520168,0.951670844,serA
-0.174855939,0.488575273,0.951670844,apaH
-0.17589239899999998,0.490489461,0.951670844,bisC
-0.163140715,0.491574632,0.951670844,SL1344_3540
-0.137470491,0.49180752,0.951670844,SL1344_1896
-0.12500589,0.492126433,0.951670844,sipF
-0.15750973699999998,0.49223326799999995,0.951670844,SL1344_3543
-0.177299441,0.492241795,0.951670844,SL1344_0630
0.163560332,0.492733404,0.951670844,SL1344_3654
-0.17180636,0.49316705299999997,0.951670844,SL1344_2354
0.139662881,0.49321535299999997,0.951670844,SL1344_3613
0.155471589,0.493474485,0.951670844,rpsK
-0.174045408,0.49418708899999997,0.951670844,murI
0.141191782,0.49561960299999996,0.951670844,STnc650
0.126534268,0.496447883,0.951670844,damX
0.157658101,0.49681617100000003,0.951670844,truB
-0.162754636,0.49699422600000004,0.951670844,holD
-0.161319016,0.497503865,0.951670844,rffE
0.18149706899999998,0.497551039,0.951670844,traI
0.18149706899999998,0.497551039,0.951670844,traI
-0.151091383,0.49781163799999995,0.951670844,dnaB
0.144130279,0.497953032,0.951670844,recF
-0.177972465,0.498312421,0.951670844,SL1344_1834
0.17262853399999997,0.49852712200000004,0.951670844,SL1344_2202
0.11620075099999999,0.498807018,0.951670844,aceE
-0.113934665,0.499046906,0.951670844,araJ
-0.152146734,0.499701192,0.951912303,purR
-0.196430778,0.501121811,0.9536115470000001,SL1344_3546
0.17055991199999998,0.502059075,0.954388378,SL1344_1084
-0.194068968,0.502916896,0.955012717,srmB
0.179737345,0.503659312,0.955416824,SL1344_3245
0.157890549,0.506240715,0.957964143,rpsD
0.18008433,0.506846572,0.957964143,greA
-0.17383728899999998,0.507738469,0.957964143,SL1344_3343
0.172192283,0.507912142,0.957964143,rnhB
0.155976905,0.507940901,0.957964143,ybiK
0.111191985,0.509300877,0.957964143,hfQ
0.158414285,0.509852698,0.957964143,SL1344_0139
-0.146783899,0.510030103,0.957964143,SL1344_4016
0.164655038,0.510904846,0.957964143,SL1344_2483
-0.13668755,0.511842824,0.957964143,SL1344_2997
0.140727608,0.51235458,0.957964143,fliC
-0.16552181900000001,0.51256813,0.957964143,rpmE
0.144481201,0.512737089,0.957964143,SL1344_4409
0.11367337300000001,0.512915008,0.957964143,STnc475
0.167786186,0.513343299,0.957964143,hpt
-0.150105344,0.51374704,0.957964143,ogt
0.155326957,0.514130632,0.957964143,cyaY
0.114542314,0.514560562,0.957964143,tolC
-0.170079113,0.515210527,0.9581853509999999,SL1344_1648
-0.142697132,0.516208335,0.9589805259999999,SL1344_3885
0.148857417,0.5174528970000001,0.9589805259999999,SL1344_2614
0.142205576,0.517737714,0.9589805259999999,ribD
0.146775842,0.518728034,0.9589805259999999,sppA
-0.11524641099999999,0.518911325,0.9589805259999999,StyR-44a
0.16066132800000002,0.520016875,0.9589805259999999,uvrD
0.156670409,0.520990455,0.9589805259999999,SL1344_3979
-0.17354594899999998,0.521116589,0.9589805259999999,fdnH
-0.141962182,0.521571511,0.9589805259999999,rfaF
0.09792290699999999,0.52218609,0.9589805259999999,STnc1460
0.146342373,0.522439096,0.9589805259999999,hupA
-0.153037869,0.5229727439999999,0.9589805259999999,mutY
0.137382065,0.5243555089999999,0.9589805259999999,ligT
0.159636637,0.524599422,0.9589805259999999,moaB
-0.157239904,0.524838445,0.9589805259999999,SL1344_4017
-0.139238365,0.5248618620000001,0.9589805259999999,pyrH
0.11653638699999999,0.5249736389999999,0.9589805259999999,talB
0.18664757199999998,0.525650053,0.9589805259999999,SL1344_4290
0.17213147399999998,0.525738215,0.9589805259999999,SL1344_3428
0.118042033,0.5268774820000001,0.95931731,pipC
0.17951973899999998,0.527087109,0.95931731,glnD
0.151254012,0.527518166,0.95931731,SL1344_0999
-0.153860709,0.528647677,0.9602265240000001,res
-0.14612403300000001,0.52921645,0.9602265240000001,lspA
-0.14076359800000002,0.529614962,0.9602265240000001,ftsX
-0.163533963,0.53076187,0.960618018,SL1344_4422
0.144189238,0.531480661,0.960618018,SL1344_3580
-0.111892895,0.532263831,0.960618018,nuoC
0.127825746,0.53226392,0.960618018,rplJ
0.165775511,0.532493358,0.960618018,cybB
-0.150320338,0.533579725,0.961340236,slt
0.10020645,0.53437007,0.961340236,pckA
-0.127515941,0.5350422770000001,0.961340236,yhjO
0.11975328199999999,0.535072388,0.961340236,murC
0.16058683599999998,0.535683793,0.961340236,rpe
-0.12417283900000001,0.536286348,0.961340236,yjeI
0.137073385,0.537580019,0.961340236,trxC
0.11910536,0.538019144,0.961340236,ucpA
0.16918080800000002,0.538028676,0.961340236,truA
-0.10382502199999999,0.5382226379999999,0.961340236,alaS
0.156650245,0.540226679,0.962120616,SL1344_1211
0.137996771,0.5409221160000001,0.962120616,menD
-0.14491105,0.541711147,0.962120616,fliR
-0.126541876,0.5430989270000001,0.962120616,SL1344_3239
0.112962411,0.5436234320000001,0.962120616,lysS
-0.153500835,0.544994454,0.962120616,rimK
0.11862359199999999,0.545202947,0.962120616,maa
0.11168283300000001,0.5453296089999999,0.962120616,rpoC
0.133629364,0.545968324,0.962120616,rpsI
-0.118893401,0.546532189,0.962120616,secA
-0.153244784,0.546998825,0.962120616,SL1344_3041
-0.11900478,0.547406975,0.962120616,rcsC
-0.10904554699999999,0.547486958,0.962120616,mukB
-0.12199193300000001,0.547536448,0.962120616,ssb
-0.12199193300000001,0.547536448,0.962120616,ssb
-0.133661436,0.549069406,0.962120616,yejB
0.171800228,0.549113194,0.962120616,ccmA2
0.13075198,0.550276663,0.962120616,nusG
0.162443209,0.5508350160000001,0.962120616,menC
-0.11717358900000001,0.550840091,0.962120616,dapA
0.116846774,0.551211899,0.962120616,SL1344_4389
0.14301049300000002,0.551310214,0.962120616,SL1344_2300
0.13533642099999998,0.55288164,0.962120616,yojF
-0.115573836,0.5533344370000001,0.962120616,STnc1590
-0.147414754,0.553450985,0.962120616,yhjU
-0.121507293,0.553934818,0.962120616,ubiE
0.149814731,0.554068905,0.962120616,moaA
-0.146518749,0.554142485,0.962120616,fdoH
0.16383218300000002,0.555390315,0.962120616,SL1344_0924
0.119912826,0.555670424,0.962120616,RUF_247c
-0.131666126,0.55588411,0.962120616,yaeC
-0.148640771,0.556342447,0.962120616,chaA
-0.123327726,0.556778346,0.962120616,cysB
-0.11353388,0.5573525429999999,0.962120616,sicP
-0.13323315800000002,0.557406456,0.962120616,SL1344_0286
0.11606323199999999,0.558837675,0.962120616,aspS
-0.13645337300000002,0.559964318,0.962120616,SL1344_0494
0.113267625,0.561401403,0.962120616,ppa
0.14701952,0.561710823,0.962120616,nrdD
-0.143741204,0.562935292,0.962120616,yhdH
0.112434798,0.563480206,0.962120616,yijP
0.124826478,0.56436587,0.962120616,cysU
-0.15430322900000001,0.564763824,0.962120616,SL1344_0361
-0.10890712699999999,0.564900422,0.962120616,SL1344_0378
0.138466187,0.565223685,0.962120616,era
0.11620775900000001,0.56619486,0.962120616,tdh
0.127457083,0.566818417,0.962120616,hrpA
-0.158589485,0.56703279,0.962120616,SL1344_4408
-0.139700306,0.567037581,0.962120616,STnc4230
0.115384636,0.567961165,0.962120616,cspC
0.131473192,0.568112842,0.962120616,atpC
-0.156061141,0.569262769,0.962120616,SL1344_1264
0.140127955,0.569294969,0.962120616,STnc1675
-0.116657114,0.569671905,0.962120616,rbsB
-0.095953821,0.56980312,0.962120616,putA
-0.113292566,0.569841811,0.962120616,dsrB
0.112610221,0.569862361,0.962120616,mrcB
0.13374765800000002,0.570202075,0.962120616,pabB
0.141797159,0.570586392,0.962120616,SL1344_2696
-0.12158154300000001,0.5709194320000001,0.962120616,cheR
0.13474249800000002,0.5712373000000001,0.962120616,SL1344_3131
0.112582091,0.5718288420000001,0.962120616,fliG
0.094154448,0.5719708920000001,0.962120616,pnp
-0.128601405,0.572894731,0.962120616,SL1344_1641
0.086748625,0.573114323,0.962120616,STnc1290
-0.13699172099999998,0.5737794310000001,0.962120616,sopD
-0.143287436,0.5743059629999999,0.962120616,SL1344_0878
0.08662592300000001,0.574392407,0.962120616,SL1344_1965
-0.122937441,0.5754904710000001,0.962498387,SL1344_2732
-0.12825835900000002,0.575685011,0.962498387,SL1344_0757
0.121220093,0.577535454,0.963536152,ytfM
-0.09724360800000001,0.577637751,0.963536152,mraZ
-0.101160302,0.57860741,0.963536152,yojN
-0.12688855400000001,0.579519282,0.963536152,SL1344_1265
0.09184541199999999,0.5799865679999999,0.963536152,tar
0.13670099800000002,0.580731789,0.963536152,cysI
-0.11193131,0.581080862,0.963536152,yebL
0.132718144,0.581301672,0.963536152,mltC
0.111996607,0.581589363,0.963536152,rlgA
0.09339123,0.5822060029999999,0.963536152,arcA
-0.13103662300000002,0.582770516,0.963536152,yneB
-0.125760137,0.583215479,0.963536152,modB
0.10521689699999999,0.583249156,0.963536152,mrdA
0.124264493,0.585087118,0.9656881620000001,SL1344_0168
-0.107927309,0.586125121,0.96651711,SL1344_1776
0.127699005,0.586930505,0.9668722259999999,rfaQ
-0.09159861400000001,0.587412395,0.9668722259999999,SL1344_1263
-0.133390171,0.5902575729999999,0.969167916,cpxA
0.147536358,0.590472805,0.969167916,SL1344_4523
-0.107845366,0.591118017,0.969167916,SL1344_2526
0.143153463,0.5912226660000001,0.969167916,SL1344_1710
0.09456157400000001,0.591738484,0.969167916,SL1344_4464
-0.12007289300000001,0.592030512,0.969167916,gidA
0.112805006,0.593472076,0.970646986,kbl
-0.103851619,0.594746535,0.9718503159999999,ydgA
0.13824716,0.596547928,0.9735163370000001,SL1344_1697
0.12137928099999999,0.596845382,0.9735163370000001,STnc3460
0.109222616,0.598369082,0.97404575,SL1344_4425
-0.102546247,0.59914029,0.97404575,SL1344_3944
0.11557796699999999,0.600143758,0.97404575,SL1344_2805
0.100762454,0.600599687,0.97404575,htpX
-0.122436523,0.6011285679999999,0.97404575,SL1344_1101
0.104827862,0.601163596,0.97404575,proP
0.104827862,0.601163596,0.97404575,proP
0.107575706,0.6012816670000001,0.97404575,bcp
-0.136748523,0.60215533,0.97404575,SL1344_1537
0.135349629,0.604015844,0.97404575,yadA
0.132284511,0.606219224,0.97404575,STnc4220
-0.10309545699999999,0.6067923789999999,0.97404575,trxA
-0.093503926,0.607197228,0.97404575,dcuA
-0.120939874,0.607811632,0.97404575,SL1344_0180
-0.109522555,0.60833518,0.97404575,priA
0.125329431,0.6089728520000001,0.97404575,SL1344_3846
0.093336852,0.6090036999999999,0.97404575,atpE
0.09907582300000001,0.609189388,0.97404575,glnS
-0.132094772,0.609496068,0.97404575,ecnR
0.10354369,0.609968695,0.97404575,rcsB
0.150827362,0.610388875,0.97404575,osmY
0.09000039,0.6106131229999999,0.97404575,sipA
-0.093829564,0.610993994,0.97404575,hilA
-0.081395649,0.611749981,0.97404575,siiE
0.12428677099999999,0.612489912,0.97404575,SL1344_1576
-0.106780907,0.613238469,0.97404575,fdnG
-0.106780907,0.613238469,0.97404575,fdnG
-0.09133323300000001,0.613298776,0.97404575,rplY
0.094573083,0.613864638,0.97404575,tatA
-0.119355402,0.614380305,0.97404575,yhjW
-0.09153912,0.614455965,0.97404575,SL1344_3138
-0.10333763,0.614835956,0.97404575,rnc
0.134435439,0.615521577,0.97404575,SL1344_3537
0.106957006,0.615925995,0.97404575,gcvH
0.090484915,0.617737719,0.97404575,slrP
0.076045377,0.617902865,0.97404575,prgK
-0.125395172,0.618356444,0.97404575,hha
0.09591731199999999,0.618361039,0.97404575,dnaG
-0.11953303400000001,0.61868965,0.97404575,SL1344_0824
0.08509633300000001,0.61928424,0.97404575,SL1344_2468
-0.112172508,0.619553982,0.97404575,SL1344_3182
-0.106958705,0.619952384,0.97404575,ybjZ
-0.123891239,0.620132649,0.97404575,cobB
0.082413301,0.620297257,0.97404575,phoQ
0.088459791,0.621591333,0.97404575,atpB
-0.11092981800000001,0.622533618,0.97404575,uvrA
-0.123819872,0.622907847,0.97404575,rpl20
-0.084148954,0.623619919,0.97404575,fliT
0.08576728300000001,0.6238651279999999,0.97404575,ams
0.115154866,0.624380876,0.97404575,lysC
-0.12148024199999999,0.625153055,0.97404575,cfa
0.121843602,0.625834226,0.97404575,SL1344_1073
0.10621932699999999,0.6273994620000001,0.97404575,fliN
0.12370257,0.627746147,0.97404575,pheS
0.099194531,0.62858763,0.97404575,glmS
0.10463679199999999,0.629045568,0.97404575,cyoE
0.10030118199999999,0.629055314,0.97404575,SL1344_3084
-0.115203454,0.629257807,0.97404575,SL1344_1839
0.135762346,0.629621222,0.97404575,SL1344_0253
0.119300932,0.629792543,0.97404575,pfkA
-0.110472857,0.630037388,0.97404575,SL1344_3014
0.1132183,0.6303621220000001,0.97404575,SL1344_1425
0.103698847,0.630849412,0.97404575,nusA
0.08817654300000001,0.631522704,0.97404575,mdoH
0.122211321,0.6316080820000001,0.97404575,cbpA
0.129815252,0.631725902,0.97404575,STnc835
0.114013937,0.63281923,0.974558897,SL1344_0360
0.073446523,0.63313915,0.974558897,pps
0.13585609099999998,0.634301716,0.9745816429999999,cpdB
-0.112386759,0.6370009329999999,0.9745816429999999,pagK
0.093960415,0.637443865,0.9745816429999999,rfaD
-0.086039368,0.6377529479999999,0.9745816429999999,SL1344_2191
0.113452235,0.637963072,0.9745816429999999,fdoI
-0.115427714,0.6386749310000001,0.9745816429999999,zipA-leader
-0.118865079,0.638909846,0.9745816429999999,SL1344_3380
-0.123463954,0.638911136,0.9745816429999999,SL1344_3142
0.121121519,0.63941457,0.9745816429999999,SL1344_3432
0.112553935,0.639418454,0.9745816429999999,glpC
0.126605389,0.640624552,0.9745816429999999,mobA
0.126605389,0.640624552,0.9745816429999999,mobA
-0.087241908,0.641099278,0.9745816429999999,ybaL
-0.09095487599999999,0.6421287410000001,0.9745816429999999,himA
-0.093945753,0.642183289,0.9745816429999999,sspA
-0.119023775,0.642333264,0.9745816429999999,SL1344_3043
-0.121576318,0.642406798,0.9745816429999999,SL1344_2456
0.084192459,0.642684311,0.9745816429999999,flhC
0.110306054,0.642878135,0.9745816429999999,flgH
-0.113258865,0.644437965,0.9760200809999999,syd
-0.123976581,0.644909056,0.9760200809999999,glyS
0.10605850900000001,0.64707005,0.9771246640000001,ppc
0.10589778300000001,0.647590978,0.9771246640000001,rfbC
0.095607861,0.647791229,0.9771246640000001,prgI
0.074588433,0.648671751,0.9771246640000001,purA
-0.096705531,0.649330118,0.9771246640000001,SL1344_2623
0.09082480400000001,0.649666668,0.9771246640000001,SLnc0039
0.090660281,0.6502558629999999,0.9771246640000001,SL1344_1205
0.115927653,0.650436647,0.9771246640000001,hydH
0.091320155,0.651008591,0.9771246640000001,clpP
-0.10514967199999999,0.651055347,0.9771246640000001,SL1344_0205
-0.090323797,0.654839297,0.9786819370000001,cbiH
0.084362454,0.655895186,0.9786819370000001,gyrB
0.08970911699999999,0.656533654,0.9786819370000001,prs
-0.103576133,0.657145523,0.9786819370000001,deoR
-0.10250845199999999,0.657437661,0.9786819370000001,leuL
-0.09598822300000001,0.657672915,0.9786819370000001,maeB
0.09454041199999999,0.658040735,0.9786819370000001,ilvA
0.083610305,0.658470021,0.9786819370000001,spaP
-0.074798553,0.658542955,0.9786819370000001,araD
-0.09914550800000001,0.659308498,0.9786819370000001,SL1344_2594
0.101618946,0.659332797,0.9786819370000001,ttrS
0.083079652,0.659993001,0.9786819370000001,nhaA
-0.11112759300000001,0.660390225,0.9786819370000001,pqiB
0.08736454199999999,0.661013813,0.9786819370000001,ppiD
0.108226597,0.661139488,0.9786819370000001,SL1344_1008
0.110680675,0.6612702570000001,0.9786819370000001,SL1344_3418
-0.101729609,0.661315566,0.9786819370000001,murB
0.079067916,0.662317197,0.9791495459999999,gipA
-0.080220273,0.662717071,0.9791495459999999,sucD
0.083257447,0.664842549,0.980552058,gyrA
-0.076518059,0.666459988,0.980552058,fliS
0.09607043300000001,0.667052237,0.980552058,ffh
-0.083841916,0.667867989,0.980552058,nuoL
0.109577756,0.668402721,0.980552058,SL1344_0641
-0.109687017,0.669191698,0.980552058,SL1344_P1_0064
0.108352525,0.670296896,0.980552058,tlpA
0.10001559900000001,0.67089579,0.980552058,nuoF
-0.077171621,0.6710789,0.980552058,cld
-0.090351636,0.672269234,0.980552058,grxB
0.08910517,0.672420384,0.980552058,sanA
-0.10016889400000001,0.672921876,0.980552058,rpmB
-0.129965352,0.6734247240000001,0.980552058,SL1344_1202
0.10661746400000001,0.673475437,0.980552058,corA
0.077048224,0.673978315,0.980552058,SL1344_3319
-0.09885538599999999,0.674868062,0.980552058,hybB
-0.089661025,0.675599442,0.980552058,SL1344_3169
0.068509164,0.6762490529999999,0.980552058,glpD
-0.10395426699999999,0.678721951,0.980552058,SL1344_1002
0.09247296099999999,0.6788371559999999,0.980552058,hemB
-0.093854069,0.6796994909999999,0.980552058,pagN
-0.079161322,0.6810647259999999,0.980552058,ppiA
-0.073605928,0.6825971740000001,0.980552058,STnc1580
0.09399851,0.6841809640000001,0.980552058,hutI
-0.096971495,0.684580148,0.980552058,SL1344_1061
-0.07041961599999999,0.6848011820000001,0.980552058,stpA
-0.07041961599999999,0.6848011820000001,0.980552058,stpA
-0.087752916,0.6850000709999999,0.980552058,IsrJ
-0.07105774200000001,0.685001408,0.980552058,focA
-0.101374891,0.6871975290000001,0.980552058,rpsO
-0.08830327,0.6884661459999999,0.980552058,rplN
0.07065158,0.6887290970000001,0.980552058,cstA
0.07065158,0.6887290970000001,0.980552058,cstA
0.081698373,0.6887448740000001,0.980552058,dsbA
0.081698373,0.6887448740000001,0.980552058,dsbA
0.087116396,0.68913365,0.980552058,SL1344_4420
0.101761233,0.68963637,0.980552058,glyQ
-0.066813103,0.6907080809999999,0.980552058,pheT
0.09941061400000001,0.690708186,0.980552058,SL1344_1126
0.062221201,0.691215776,0.980552058,acpP
-0.11773244699999999,0.692890578,0.980552058,cbiO
-0.08992149699999999,0.6929084659999999,0.980552058,ybjG
0.072940723,0.693822532,0.980552058,tgt
0.063955598,0.6940473509999999,0.980552058,hilC
-0.092042093,0.694821475,0.980552058,msbB
0.079482967,0.695200585,0.980552058,gcvR
-0.078565321,0.695573488,0.980552058,napB
-0.08224263799999999,0.697025275,0.980552058,cheB
0.101003779,0.6979587859999999,0.980552058,SL1344_1433
-0.089297981,0.698682713,0.980552058,STnc540
-0.099207789,0.6990340829999999,0.980552058,hslS
-0.10142195,0.700192169,0.980552058,SL1344_2767
-0.096862395,0.7034248590000001,0.980552058,udp
-0.092760803,0.703559652,0.980552058,cycA
-0.075173819,0.7036026740000001,0.980552058,SL1344_1768
0.073584679,0.7038310440000001,0.980552058,lpdA
-0.09438165,0.705409266,0.980552058,emrB
0.078607422,0.705628417,0.980552058,STnc4240
-0.08784003900000001,0.705684943,0.980552058,pldB
-0.064534969,0.7057125129999999,0.980552058,fliE
0.08255573299999999,0.705828916,0.980552058,epd
-0.078760718,0.706385432,0.980552058,SL1344_P1_0091
0.076268218,0.706533904,0.980552058,guaC
0.09084822099999999,0.706615915,0.980552058,fmt
0.10009876699999999,0.7074118159999999,0.980552058,fumB
-0.074836942,0.707478087,0.980552058,parC
0.076725502,0.707604085,0.980552058,SL1344_0900
0.08435773699999999,0.707741304,0.980552058,cyoB
0.090875285,0.7083499209999999,0.980552058,apbA
-0.072886958,0.709664552,0.980552058,dksA
-0.077473357,0.709710554,0.980552058,cydC
0.09035069400000001,0.710167345,0.980552058,SL1344_3551
0.07572589999999998,0.710348538,0.980552058,rl18
0.09593036099999999,0.710790247,0.980552058,SL1344_1147
-0.08724595800000001,0.711388528,0.980552058,crRNA2
0.086361903,0.71208447,0.980552058,srfC
0.088118134,0.7123599140000001,0.980552058,gloA
0.09745810099999999,0.713181935,0.980552058,gntR
-0.07736479,0.715413437,0.980552058,yciC
-0.08907815300000001,0.71542249,0.980552058,pepP
0.08062863099999999,0.7159123270000001,0.980552058,pepQ
0.078940921,0.7171396809999999,0.980552058,rpsS
-0.07785064,0.717161901,0.980552058,udg
-0.070115262,0.717242646,0.980552058,spaQ
-0.08937199400000001,0.717282265,0.980552058,STnc2090
-0.089074297,0.71736677,0.980552058,StyR-377
-0.08925317599999999,0.717684432,0.980552058,SL1344_3281
0.064604003,0.717794103,0.980552058,sucB
-0.083175708,0.717921204,0.980552058,topA
0.064379512,0.7181247479999999,0.980552058,infB
0.080169595,0.718665388,0.980552058,rimJ
0.088201636,0.719462341,0.980552058,dnaT
-0.07027969,0.72042683,0.980552058,gmk
-0.074408893,0.721173458,0.980552058,siiC
-0.086602354,0.721576398,0.980552058,SL1344_2264
-0.071047029,0.721653267,0.980552058,dedD
-0.075344966,0.722882627,0.980552058,SL1344_0314
0.089051566,0.7240894609999999,0.980552058,SL1344_0869
-0.091952731,0.724603401,0.980552058,STnc750
-0.06900279200000001,0.7246914529999999,0.980552058,cydD
0.083700274,0.724791629,0.980552058,nhaB
-0.088208021,0.7267837009999999,0.980552058,queA
-0.066153812,0.7272108359999999,0.980552058,SL1344_3932
-0.080482705,0.727451684,0.980552058,mod
0.08481402,0.7274651959999999,0.980552058,SL1344_0467
-0.072290558,0.727846323,0.980552058,nlpB
0.064185235,0.7287447890000001,0.980552058,repA2
0.07688782799999999,0.729455959,0.980552058,metJ
-0.08788416800000001,0.729720275,0.980552058,SL1344_4465
-0.07644403799999999,0.73026847,0.980552058,SL1344_2269
0.076200986,0.733157408,0.980552058,galR
0.08526099300000001,0.7357212909999999,0.980552058,SL1344_1808
-0.09194413,0.735853977,0.980552058,rffG
0.08627191,0.735902455,0.980552058,thyA
-0.091267438,0.736444147,0.980552058,SL1344_1210
0.088615865,0.7373616159999999,0.980552058,STnc760
-0.078815415,0.737522644,0.980552058,proB
-0.086488994,0.73971037,0.980552058,thrC
0.060071627,0.7401431509999999,0.980552058,lpxD
0.077231721,0.7402828659999999,0.980552058,rfbD
0.08449611,0.7407228290000001,0.980552058,bcr
-0.057392803,0.74072604,0.980552058,nlpD
0.074747337,0.74085047,0.980552058,hybC
-0.071927521,0.740908608,0.980552058,glnH
-0.08506469400000001,0.7413810479999999,0.980552058,murA
0.073535027,0.741812699,0.980552058,yhjJ
0.064981704,0.741901412,0.980552058,SL1344_0409
0.063351358,0.7426455890000001,0.980552058,sdhD
-0.081311914,0.743073545,0.980552058,SL1344_0135
0.073110939,0.744314496,0.980552058,SL1344_1671
0.070870574,0.744318864,0.980552058,dnaN
0.081337908,0.744727039,0.980552058,lipA
0.076578115,0.746388169,0.980552058,rfaZ
-0.085380879,0.7465221609999999,0.980552058,STnc730
0.076375732,0.747237464,0.980552058,SL1344_2357
-0.069475934,0.747872949,0.980552058,putP
0.070569258,0.74840754,0.980552058,SL1344_0239
0.050421242000000005,0.749206595,0.980552058,SL1344_P1_0072
-0.085915799,0.750302129,0.980552058,fklB
-0.077493535,0.7504413190000001,0.980552058,SL1344_2214
0.078605458,0.7505523359999999,0.980552058,SL1344_3156
-0.069715295,0.7508171020000001,0.980552058,sirA
0.068715659,0.750852401,0.980552058,ylaB
0.06845844400000001,0.7514077259999999,0.980552058,SL1344_1408
-0.067402667,0.7517026640000001,0.980552058,rfbB
-0.083113668,0.752281175,0.980552058,SL1344_1167
-0.080603627,0.752470685,0.980552058,proY
-0.062820143,0.753187043,0.980552058,ftsK
0.08939935800000001,0.7534384590000001,0.980552058,STnc1670
0.055756968,0.7537286870000001,0.980552058,traT
0.055756968,0.7537286870000001,0.980552058,traT
-0.09021360699999999,0.754275615,0.980552058,RyfA
0.07374649400000001,0.7544676220000001,0.980552058,SL1344_2752
-0.067056515,0.754708952,0.980552058,polA
0.059995413,0.75494208,0.980552058,ileS
0.07966430599999999,0.756002542,0.980552058,rep
-0.064620809,0.7560864890000001,0.980552058,bioD
-0.064620809,0.7560864890000001,0.980552058,bioD
0.07967300299999999,0.756636167,0.980552058,torR
0.06552473,0.7570518820000001,0.980552058,dxs
0.054701705,0.757707721,0.980552058,cspD
0.069249849,0.7578887040000001,0.980552058,SL1344_2593
-0.078651403,0.758981982,0.980552058,pyrC
0.06882134599999999,0.759158575,0.980552058,SL1344_3372
-0.07165561599999999,0.7600598479999999,0.980552058,hemN
0.07490563900000001,0.760571353,0.980552058,lpxK
0.09945097800000001,0.761823276,0.980552058,gdhA
0.09945097800000001,0.761823276,0.980552058,gdhA
-0.083291878,0.7630139690000001,0.980552058,yijD
-0.053963138,0.7630384290000001,0.980552058,SL1344_2283
0.070201624,0.763043893,0.980552058,recJ
0.051431797,0.763359089,0.980552058,SsrS
-0.07754172200000001,0.763426785,0.980552058,SL1344_1299
-0.054996422,0.763431722,0.980552058,SL1344_1593
-0.076758002,0.7642130890000001,0.980552058,SL1344_3261
0.057501638,0.7648230220000001,0.980552058,dnaE
-0.074548379,0.764831536,0.980552058,rfaP
0.064419459,0.765987476,0.980552058,mppA
0.052550874000000004,0.7668617959999999,0.980552058,spaO
0.048793474,0.767090871,0.980552058,ftsH
-0.070093723,0.767491496,0.980552058,panD
0.067359389,0.767591217,0.980552058,aroG
0.054042437,0.7683416940000001,0.980552058,motB
0.072098451,0.769216021,0.980552058,hemX
0.056266094,0.769472855,0.980552058,fliA
-0.071999798,0.769547338,0.980552058,gltP
0.083990754,0.771187285,0.980552058,SL1344_4053
0.080217568,0.771394177,0.980552058,SL1344_3282
-0.079663983,0.7718332109999999,0.980552058,RdlD
-0.077253639,0.77286333,0.980552058,hybA
0.066711884,0.77293214,0.980552058,SL1344_0777
-0.058198884000000006,0.773230647,0.980552058,surA
-0.06722721799999999,0.773867812,0.980552058,purB
-0.067266159,0.774607644,0.980552058,SL1344_P1_0060
-0.073202374,0.775559502,0.980552058,lrhA
-0.06611537599999999,0.7756655490000001,0.980552058,galU
-0.05272843,0.7760543320000001,0.980552058,rfe
0.057573745,0.777342619,0.980552058,hisS
0.071248157,0.777585785,0.980552058,nupG
0.084093186,0.7778117370000001,0.980552058,mdfA
-0.048683488,0.777867923,0.980552058,SL1344_P2_0054A
-0.069559346,0.778634396,0.980552058,cvpA
-0.066673911,0.778781937,0.980552058,SL1344_1484
-0.064734841,0.778823415,0.980552058,metH
-0.0733873,0.779242276,0.980552058,ndk
-0.065197487,0.7812378809999999,0.980552058,SL1344_3238
-0.072189833,0.783010322,0.980552058,SL1344_2305
0.051745325999999994,0.783109341,0.980552058,glyA
-0.06798277700000001,0.7831472279999999,0.980552058,rfaI
-0.072017506,0.7838577720000001,0.980552058,SL1344_1787
-0.070471463,0.7842465959999999,0.980552058,rof
-0.067386858,0.7845439120000001,0.980552058,cigR
-0.046929525,0.784746265,0.980552058,csrA
0.047287300000000004,0.785095192,0.980552058,flgM
-0.052666864,0.785111682,0.980552058,lexA
0.06665228599999999,0.7854084259999999,0.980552058,bfr
0.069306093,0.785450984,0.980552058,mrp
0.055885729,0.7861246140000001,0.980552058,fliH
0.058259424000000004,0.786817623,0.980552058,rplM
0.065228578,0.787108653,0.980552058,trpS
0.068314822,0.787364753,0.980552058,mobC
0.04778247099999999,0.7876997590000001,0.980552058,flhA
0.06443980099999999,0.7884559659999999,0.980552058,degQ
-0.055358479,0.788681748,0.980552058,napG
0.052198187,0.78893992,0.980552058,nusB
0.048607512,0.7889657059999999,0.980552058,pmrF
-0.057297363,0.789279904,0.980552058,SL1344_0783
0.059561523,0.7893159009999999,0.980552058,SL1344_0640
-0.055334957000000004,0.790442847,0.980552058,SL1344_4418
-0.071820732,0.790568899,0.980552058,traF
-0.071820732,0.790568899,0.980552058,traF
0.045883977,0.791291214,0.980552058,orgAb
-0.061991974000000005,0.792471319,0.980552058,gor
-0.059716687000000004,0.792583879,0.980552058,SL1344_2197
-0.055692255999999996,0.7926275079999999,0.980552058,cdh
0.059262790999999995,0.7927728940000001,0.980552058,rpsL
0.06647505299999999,0.792945164,0.980552058,int
0.054632455999999996,0.793125124,0.980552058,RybA
0.045783566,0.7938736009999999,0.980552058,flgN
0.06043879,0.794798274,0.980552058,dam
0.040165901000000004,0.794852881,0.980552058,prgH
-0.052124444000000006,0.796900816,0.980552058,pcnB
0.052812186,0.797603153,0.980552058,rpoH
0.044954229000000005,0.7977641320000001,0.980552058,RUF_111
-0.060535526,0.79832467,0.980552058,SL1344_4423
0.054993952,0.798869747,0.980552058,SL1344_2359
0.050418435,0.799722145,0.980552058,invB
0.068126399,0.799783039,0.980552058,SL1344_2784
0.070991204,0.800006543,0.980552058,SL1344_1610
-0.052856349000000004,0.800505369,0.980552058,SL1344_4457
-0.061181215,0.80082497,0.980552058,STnc660
0.045471868,0.801192108,0.980552058,SL1344_3237
-0.054797001,0.8013634079999999,0.980552058,SL1344_2577
-0.063482607,0.801661431,0.980552058,SL1344_0934
0.05484293,0.801932888,0.980552058,SL1344_1867
0.064377368,0.802409197,0.980552058,polB
0.053193502999999996,0.8027595009999999,0.980552058,aroB
-0.044837947,0.8031571559999999,0.980552058,leuS
-0.041466376,0.804140765,0.980552058,araA
0.044828991,0.8047653220000001,0.980552058,spoT
-0.06299287099999999,0.8050841790000001,0.980552058,SL1344_3561
-0.049172522,0.805464568,0.980552058,ppk
0.057984649000000006,0.805526472,0.980552058,prfB
-0.050140397999999996,0.8055289090000001,0.980552058,ppiB
0.049331883,0.805935828,0.980552058,hflK
0.044824502999999995,0.808724243,0.980552058,spaS
-0.055200247,0.8088575509999999,0.980552058,hybD
-0.057975381,0.8089020029999999,0.980552058,yijC
0.05705779,0.8090600029999999,0.980552058,STnc880
-0.048826426,0.809176303,0.980552058,SL1344_3198
-0.058156145,0.809566407,0.980552058,yhjA
0.063235338,0.8107705629999999,0.980552058,SL1344_2713
0.053485949000000005,0.8115392570000001,0.980552058,btuB
0.056368879000000004,0.8116007159999999,0.980552058,gshA
-0.04787339400000001,0.8117251609999999,0.980552058,pdhR
0.045735202999999995,0.811806939,0.980552058,gpsA
-0.051463484000000004,0.812029718,0.980552058,pmrD
0.060783240999999995,0.8127453240000001,0.980552058,coaE
0.056350156,0.812975815,0.980552058,htrA
0.050043131,0.8132954090000001,0.980552058,rluD
0.063804957,0.813758159,0.980552058,SL1344_3819
0.063929569,0.8139252240000001,0.980552058,uspB
0.047501482000000005,0.813991666,0.980552058,SL1344_3984
0.047501482000000005,0.813991666,0.980552058,SL1344_3984
-0.059361712000000004,0.814227817,0.980552058,STnc3070
-0.045929327,0.8160054809999999,0.982037284,SL1344_2698
-0.055650381,0.8167439240000001,0.9822706929999999,yeiP
-0.05340485,0.817600448,0.982645709,mutS
0.06168184,0.818437451,0.9827415970000001,rpsJ
-0.069015835,0.8190346609999999,0.9827415970000001,speF
-0.056423158,0.81965272,0.9827415970000001,yaaJ
0.055021935,0.8202387859999999,0.9827415970000001,fepE
-0.058342059,0.8204040159999999,0.9827415970000001,SL1344_3943
-0.049929123,0.82108668,0.982906683,ycbB
-0.03757571,0.822203852,0.982999828,asnS
-0.046688698,0.8222542909999999,0.982999828,lolA
-0.043646147999999996,0.823536244,0.983585782,ytfN
-0.04551294400000001,0.8239324020000001,0.983585782,SL1344_0790
0.056328693,0.8243801009999999,0.983585782,SL1344_3661
-0.041999497999999996,0.8279224620000001,0.986485473,flhD
0.044025714,0.827925547,0.986485473,oppA
-0.046325304000000005,0.828722752,0.986485473,ipk
0.040822778,0.82899777,0.986485473,SL1344_1602
0.036388224,0.8313171229999999,0.9883810679999999,SL1344_2268
-0.037453712,0.8322435579999999,0.9883810679999999,SL1344_0602
0.0410454,0.83255398,0.9883810679999999,gpmA
-0.046107927,0.83285187,0.9883810679999999,mraW
0.041573951,0.833330158,0.9883810679999999,rpl35
0.044632477000000004,0.8353469859999999,0.9888714479999999,acrR
-0.034778394,0.8358503490000001,0.9888714479999999,pyrG
0.057095427000000004,0.837458677,0.9888714479999999,SL1344_2409
-0.058799545,0.837635593,0.9888714479999999,hemD
-0.049497902999999996,0.839658152,0.9888714479999999,purL
0.038551812000000005,0.83973992,0.9888714479999999,yadF
-0.051305468,0.840144711,0.9888714479999999,SL1344_2944
0.046956991,0.8414392690000001,0.9888714479999999,ampG
-0.045469964,0.84153389,0.9888714479999999,dadA
-0.044408629000000005,0.8435427109999999,0.9888714479999999,aspC
-0.046900132000000004,0.8436865570000001,0.9888714479999999,glk
0.029446167999999998,0.8439792909999999,0.9888714479999999,SL1344_1663
-0.052298421,0.844127182,0.9888714479999999,SL1344_3069
0.052529822000000004,0.846158772,0.9888714479999999,aphA
0.039115258,0.846375726,0.9888714479999999,rna
-0.033655284,0.846477135,0.9888714479999999,araB
-0.041729959,0.847341259,0.9888714479999999,SL1344_2391
0.039457529,0.8475079209999999,0.9888714479999999,SL1344_3199
0.049324457,0.847666907,0.9888714479999999,pntA
0.041814673,0.847774055,0.9888714479999999,hemY
0.037177823,0.8481874090000001,0.9888714479999999,SL1344_3083
-0.04029587,0.849006041,0.9888714479999999,SL1344_1878
0.051816329,0.849543884,0.9888714479999999,tdcE
0.036274900000000006,0.849634419,0.9888714479999999,rplX
0.038061303,0.8506176940000001,0.9888714479999999,ubiG
-0.036041487000000004,0.8506848140000001,0.9888714479999999,SL1344_2370
-0.035506245,0.851677228,0.9888714479999999,gltX
-0.048760595999999996,0.852284431,0.9888714479999999,SL1344_1258
0.036889284,0.852601815,0.9888714479999999,sdhC
0.033322026,0.8539172540000001,0.9888714479999999,frdD
-0.039680512,0.8543214490000001,0.9888714479999999,rfbX
-0.038960582,0.8548182679999999,0.9888714479999999,osmE
0.033230183999999996,0.854837848,0.9888714479999999,ivbL
-0.046818825999999994,0.855228572,0.9888714479999999,SL1344_1741
0.037008359,0.8555790809999999,0.9888714479999999,pssA
0.039577681,0.855771965,0.9888714479999999,mreC
0.032718305,0.8558540490000001,0.9888714479999999,clpA
0.046688347000000005,0.856218618,0.9888714479999999,RyjB
0.028525071000000003,0.85672235,0.9888714479999999,spaT
-0.051230595,0.857986551,0.9888714479999999,phsA
0.045842231,0.858246995,0.9888714479999999,ybdG
-0.049698095,0.858525455,0.9888714479999999,SL1344_1144
0.049258992,0.8594902740000001,0.9888714479999999,SL1344_1520
0.033769497,0.8599427340000001,0.9888714479999999,SL1344_1824
-0.045308737,0.860059903,0.9888714479999999,SL1344_1669
0.025857587999999997,0.8607000640000001,0.9888714479999999,hns
0.040518738,0.86181391,0.9888714479999999,SL1344_1777
0.029141672999999996,0.8632575790000001,0.9888714479999999,orgAa
-0.033304238,0.863448095,0.9888714479999999,AvrA
0.041965249,0.863818437,0.9888714479999999,dapF
0.032239811,0.8641352729999999,0.9888714479999999,cyaA
-0.042004190999999996,0.864668764,0.9888714479999999,STnc3120
0.039065174,0.864874105,0.9888714479999999,ispZ
0.034617787000000004,0.865086012,0.9888714479999999,SL1344_1025
-0.030856241,0.865584175,0.9888714479999999,pepD
0.033580833,0.8659640120000001,0.9888714479999999,SL1344_4264
0.038979793,0.8680691490000001,0.9888714479999999,yafK
-0.031759471000000004,0.868323903,0.9888714479999999,arcB
0.03166578,0.869005047,0.9888714479999999,acnB
0.035613356,0.8690123209999999,0.9888714479999999,tatB
0.037816805,0.869185192,0.9888714479999999,vacJ
-0.041592781,0.8695147240000001,0.9888714479999999,SL1344_4344
0.038942472,0.87094738,0.9888714479999999,pheP
-0.034605704,0.871613889,0.9888714479999999,rffT
-0.036476409,0.871919289,0.9888714479999999,SL1344_1156
0.034644727,0.8725930540000001,0.9888714479999999,SL1344_3569
-0.023944581,0.8726803609999999,0.9888714479999999,invA
0.036994119,0.8730263140000001,0.9888714479999999,galS
-0.042435451,0.8734383179999999,0.9888714479999999,osmB
0.03604306,0.873925035,0.9888714479999999,SL1344_1082
-0.042939229,0.874056913,0.9888714479999999,SL1344_0489
0.041266629,0.874287218,0.9888714479999999,STnc3870
-0.030170206,0.874711212,0.9888714479999999,fabA
0.030578714,0.8747683409999999,0.9888714479999999,lrp
0.040396161,0.875355097,0.9888714479999999,gltS
-0.029766672,0.875461943,0.9888714479999999,SL1344_2507
-0.037868217999999995,0.87612768,0.9888714479999999,SL1344_0386
-0.039147777,0.8771782920000001,0.9888714479999999,SL1344_2315
0.023017185,0.8775223440000001,0.9888714479999999,invG
0.032343147,0.877596002,0.9888714479999999,SL1344_3419
0.030450251,0.879197065,0.9890700040000001,yajG
0.039703737,0.879309297,0.9890700040000001,katG
0.028249039,0.8804193440000001,0.9890700040000001,rpsM
0.027876782000000003,0.881110918,0.9890700040000001,menG
-0.034807536,0.882972548,0.9890700040000001,yihX
0.026958542999999998,0.883749032,0.9890700040000001,invE
-0.027361384,0.8842990070000001,0.9890700040000001,SL1344_2848
-0.028235579,0.8843450509999999,0.9890700040000001,lepA
0.030911471,0.885262303,0.9890700040000001,fabD
0.029163807000000003,0.885642863,0.9890700040000001,ahpC
0.032712384,0.88740028,0.9890700040000001,degS
-0.034583739,0.888063286,0.9890700040000001,SL1344_1685
0.023255116,0.888504029,0.9890700040000001,SL1344_4339
-0.03205005,0.888572725,0.9890700040000001,STnc3540
0.033990115,0.888758367,0.9890700040000001,SL1344_3206
0.035113651,0.889058858,0.9890700040000001,yjbC
0.024782716,0.889197783,0.9890700040000001,SL1344_4037
-0.03238573,0.8891986409999999,0.9890700040000001,efp
-0.022304471,0.8907824240000001,0.9890700040000001,ftsI
0.030624198999999998,0.891049455,0.9890700040000001,speG
-0.040403197,0.89117236,0.9890700040000001,rplI
0.026803316,0.891725166,0.9890700040000001,STnc670
0.029018348,0.89228542,0.9890700040000001,yeiG
0.03238976,0.8924360659999999,0.9890700040000001,fdnG
0.03238976,0.8924360659999999,0.9890700040000001,fdnG
0.026554342999999998,0.892973285,0.9890700040000001,cheZ
0.025413575,0.893191187,0.9890700040000001,aer
0.028907099999999998,0.894230118,0.9890700040000001,napA
-0.034061647,0.894539675,0.9890700040000001,StyR-51
0.034236611,0.8945716840000001,0.9890700040000001,oxyR
0.029697928,0.8947441279999999,0.9890700040000001,lpxB
-0.024930982999999997,0.89476843,0.9890700040000001,relA
-0.032179162000000004,0.895557522,0.989336051,ftsB
0.036361481,0.897263382,0.990289457,SL1344_2715
-0.028736785,0.899377564,0.990289457,pta
0.026433914,0.90063631,0.990289457,SL1344_4300
0.022380802,0.901144418,0.990289457,SL1344_0212
0.024045812000000003,0.901768427,0.990289457,hemA
-0.022717495,0.903782651,0.990289457,valS
0.02670243,0.9041530940000001,0.990289457,icdA
-0.035133487000000005,0.9045225840000001,0.990289457,lctP
-0.029745571000000002,0.904961496,0.990289457,cysG
0.024727747,0.905420112,0.990289457,SL1344_1255
0.026157727000000002,0.905862052,0.990289457,SL1344_0374
0.027229396,0.9063191559999999,0.990289457,pepT
-0.029251861,0.9065914490000001,0.990289457,SL1344_1786
0.029437457,0.906655441,0.990289457,yegE
0.025992026,0.907316608,0.990289457,ftsN
-0.021034728,0.9089475309999999,0.990289457,SL1344_0397
0.02720905,0.909196901,0.990289457,grxC
-0.025539737000000003,0.9092193390000001,0.990289457,SL1344_0933
-0.026220677999999997,0.90925647,0.990289457,SsrA
-0.025201191,0.9112004440000001,0.990289457,dps
-0.029420506000000003,0.9113039340000001,0.990289457,nagC
-0.028980719,0.912406831,0.990289457,rfbU
-0.023456947000000002,0.9128739029999999,0.990289457,dnaX
0.021647971000000002,0.913067222,0.990289457,rpoN
0.022633562000000003,0.913914715,0.990289457,fur
0.024473283999999998,0.9143696720000001,0.990289457,SL1344_0213
-0.029124725,0.915715842,0.990289457,cbiB
0.02085944,0.915918993,0.990289457,mscL
-0.023917859,0.9167654890000001,0.990289457,SL1344_2190
0.02117248,0.918112247,0.990289457,accA
-0.024703692000000003,0.918330078,0.990289457,orn
-0.025268343999999998,0.918515958,0.990289457,SL1344_3984
-0.025268343999999998,0.918515958,0.990289457,SL1344_3984
0.025985205,0.919196968,0.990289457,lipB
0.024122473999999998,0.92044953,0.990289457,dcuB
0.024122473999999998,0.92044953,0.990289457,dcuB
-0.016829434,0.92065041,0.990289457,cspE
-0.024766899,0.92068148,0.990289457,ybbB
-0.020972545,0.921340197,0.990289457,SL1344_2633
0.024908261,0.9215951309999999,0.990289457,SL1344_1226
0.022681601000000003,0.922827402,0.990289457,SL1344_3974
-0.023413506,0.9230211779999999,0.990289457,SL1344_3312
0.016842413,0.923244532,0.990289457,rpoB
-0.022533618,0.923990932,0.990289457,uvrB
-0.018823474,0.9240041859999999,0.990289457,mdoB
0.022466955,0.924224756,0.990289457,yijO
-0.017228546,0.9245665670000001,0.990289457,SL1344_2482
0.018556792,0.924618935,0.990289457,RyfD
-0.015646821,0.924803818,0.990289457,sdhA
-0.023484472000000003,0.926129757,0.990289457,dinI
-0.016023826,0.9263987690000001,0.990289457,rpoS
-0.015805186000000002,0.926851379,0.990289457,invF
0.017747838000000002,0.928038977,0.990289457,pndA
0.021055404,0.928132953,0.990289457,rlgA2
0.015677648,0.928817325,0.990289457,GlmY
0.021879278,0.929099514,0.990289457,SL1344_1085
-0.026485154,0.9291566170000001,0.990289457,flaG
-0.014251787,0.929180089,0.990289457,glpF
0.017450161000000002,0.92942066,0.990289457,SymR
0.017769168999999998,0.929711022,0.990289457,SL1344_2949
0.019865356,0.930056439,0.990289457,rcsF
0.019838462,0.931476865,0.990289457,manZ
0.019838462,0.931476865,0.990289457,manZ
-0.019598637,0.93176983,0.990289457,yegH
0.015124888999999999,0.9320383809999999,0.990289457,pndC
0.01842398,0.932068778,0.990289457,hyb0
-0.022070992,0.932541367,0.990289457,kup
-0.017310173,0.9343592140000001,0.990289457,corB
-0.018187013000000002,0.9351467370000001,0.990289457,SL1344_4108
-0.019744085,0.9364105709999999,0.990289457,htrB
0.016890271999999998,0.9365210629999999,0.990289457,glnB
0.016519483999999997,0.936593087,0.990289457,secB
0.016128667,0.936736437,0.990289457,cbiJ
0.017849293000000002,0.936764453,0.990289457,SL1344_3701
0.017806723,0.937292062,0.990289457,serS
0.019151309,0.9377716970000001,0.990289457,SL1344_2412
-0.015494143,0.9385353540000001,0.990289457,ompA
0.01428898,0.938910397,0.990289457,rhlB
0.014115695,0.939150347,0.990289457,lpxC
0.016231628,0.9394094709999999,0.990289457,crr
0.01838517,0.93968596,0.990289457,SL1344_3265
0.019194676,0.940130061,0.990289457,SL1344_2936
-0.018784575,0.940335831,0.990289457,SL1344_3012
-0.014387775,0.9417484690000001,0.9906196290000001,dsbB
-0.014387775,0.9417484690000001,0.9906196290000001,dsbB
-0.016616258000000002,0.942144051,0.9906196290000001,rplK
-0.015690173,0.9424371970000001,0.9906196290000001,fdnI
0.013014826,0.9429225940000001,0.9906196290000001,SL1344_3370
-0.018246385,0.94364768,0.9906196290000001,SL1344_1142
-0.016087278,0.943970199,0.9906196290000001,emrD
0.014453428999999999,0.944624612,0.9906196290000001,SL1344_4424
0.015518928999999999,0.945380642,0.9906196290000001,SL1344_2930
-0.015938412,0.945591464,0.9906196290000001,SL1344_3429
0.017656572,0.9472629909999999,0.9917947970000001,rnpA
0.011552371,0.9484801190000001,0.991822998,SL1344_2266
0.01647929,0.9495005959999999,0.991822998,waaK
0.012200111000000001,0.9504418020000001,0.991822998,rnG
0.014475,0.950513844,0.991822998,cadC
-0.012144498,0.9508324159999999,0.991822998,lepB
0.013572388999999999,0.95104138,0.991822998,SL1344_0555
-0.016107781,0.951368296,0.991822998,allR
-0.014789908999999999,0.951870938,0.991822998,SL1344_1220
0.012282715,0.952295668,0.991822998,SL1344_P2_0047A
-0.01396492,0.9543171020000001,0.991822998,amiB
0.010395281999999999,0.955699545,0.991822998,rpsG
0.013123295,0.955872077,0.991822998,SL1344_3575
-0.01075188,0.956585499,0.991822998,fliO
0.012676462,0.957476652,0.991822998,SL1344_4283
0.009372926,0.9585254129999999,0.991822998,bax
-0.011495876,0.959505898,0.991822998,STnc1410
-0.012054239,0.959642208,0.991822998,cyoD
0.008679116,0.960459602,0.991822998,gcvP
-0.010886512,0.9605328009999999,0.991822998,SL1344_0950
-0.010271693,0.9612309640000001,0.991822998,gnd
-0.00968502,0.96184342,0.991822998,serC
0.011501026999999999,0.9618535779999999,0.991822998,cueR
-0.008415178,0.962217726,0.991822998,motA
-0.009854763,0.962527737,0.991822998,SL1344_1712
0.010933011000000001,0.96287316,0.991822998,cysJ
0.012903546,0.963181372,0.991822998,yaeE
-0.011472487,0.963219919,0.991822998,xseB
-0.011505979,0.963653923,0.991822998,nagE
0.011952213,0.963685275,0.991822998,yaeJ
-0.008143016,0.9637836559999999,0.991822998,slyA
-0.008143016,0.9637836559999999,0.991822998,slyA
-0.010339181999999999,0.966584738,0.9936777609999999,sfcA
0.009017681999999999,0.966765511,0.9936777609999999,ybhC
-0.00839616,0.9682780559999999,0.9936777609999999,pgsA
0.007745781,0.9683107590000001,0.9936777609999999,SL1344_1506
0.008588398,0.96834008,0.9936777609999999,SL1344_4433
-0.007448025,0.971133583,0.995335842,gtgE
0.008027143,0.9712410909999999,0.995335842,rfbA
-0.008315686,0.9738874559999999,0.995335842,SL1344_1816
0.00757537,0.974004544,0.995335842,gph
0.006384565,0.9742948490000001,0.995335842,STnc70
-0.008119576,0.9743672520000001,0.995335842,repZ
-0.00821219,0.974792923,0.995335842,IsrK
0.006652594,0.9752051629999999,0.995335842,ftsY
-0.007214949,0.975278566,0.995335842,ung
-0.006526853000000001,0.975473264,0.995335842,glpB
0.006516786,0.9769822909999999,0.996236646,mutH
0.0060759030000000006,0.9783827629999999,0.996236646,melA
0.005654735,0.9788854659999999,0.996236646,srfB
-0.005052409,0.979103597,0.996236646,fbp
0.005747136999999999,0.9792515890000001,0.996236646,hrpB
0.005521875999999999,0.980405083,0.996236646,lpxA
0.006216818000000001,0.981215838,0.996236646,ppx
0.0041885559999999995,0.982167756,0.996236646,slyD
-0.005256607,0.982327437,0.996236646,frdA
0.004454353,0.982423945,0.996236646,SL1344_1418
-0.004766792,0.9828370329999999,0.996236646,nupC
0.005683324,0.98299067,0.996236646,ybfF
-0.0050360959999999995,0.983564758,0.996236646,glgS
-0.004862534,0.9844654559999999,0.996236646,trcD
-0.004874905,0.9846396559999999,0.996236646,adiY
0.0051092609999999995,0.985712578,0.996763167,mtlA
-0.003450305,0.986669793,0.99717216,SL1344_2697
0.002894491,0.988531231,0.9982736520000001,SL1344_3036
0.003020738,0.989475752,0.9982736520000001,stbA
0.003020738,0.989475752,0.9982736520000001,stbA
0.003822336,0.989964362,0.9982736520000001,envZ
-0.002339275,0.98997315,0.9982736520000001,tktA
0.002341834,0.991908607,0.9996665509999999,gmhA
0.00150626,0.9931478990000001,0.999667009,yrfF
0.0015299810000000001,0.993369567,0.999667009,fnr
0.0015969520000000002,0.993571478,0.999667009,rpsB
0.001281244,0.9953328370000001,0.999668167,yafB
0.001281244,0.9953328370000001,0.999668167,yafB
0.001078678,0.99588931,0.999668167,rpl19
0.00092336,0.9960757509999999,0.999668167,plsB
-0.000803522,0.996569388,0.999668167,yhjL
0.0009402330000000001,0.996635568,0.999668167,ybfM
-0.00075486,0.997847844,0.999668167,rfbJ
-0.000509592,0.997874699,0.999668167,ribF
0.000491828,0.998511536,0.999668167,rumA
0.000297301,0.998895662,0.999668167,SL1344_0471
0.000292325,0.9991140279999999,0.999668167,SL1344_2494
4.9605600000000005e-05,0.9998127379999999,0.9998127379999999,mdoG
